

 Parallel Execution: Process Information
 ==============================================================================
 Rank   Node Name                              NodeID   MyNodeRank  NodeMaster
    0   tcn803.local.snellius.surf.nl             0          0          0
    1   tcn803.local.snellius.surf.nl             0          1         -1
    2   tcn803.local.snellius.surf.nl             0          2         -1
    3   tcn803.local.snellius.surf.nl             0          3         -1
    4   tcn803.local.snellius.surf.nl             0          4         -1
    5   tcn803.local.snellius.surf.nl             0          5         -1
    6   tcn803.local.snellius.surf.nl             0          6         -1
    7   tcn803.local.snellius.surf.nl             0          7         -1
    8   tcn803.local.snellius.surf.nl             0          8         -1
    9   tcn803.local.snellius.surf.nl             0          9         -1
   10   tcn803.local.snellius.surf.nl             0         10         -1
   11   tcn803.local.snellius.surf.nl             0         11         -1
   12   tcn803.local.snellius.surf.nl             0         12         -1
   13   tcn803.local.snellius.surf.nl             0         13         -1
   14   tcn803.local.snellius.surf.nl             0         14         -1
   15   tcn803.local.snellius.surf.nl             0         15         -1
   16   tcn803.local.snellius.surf.nl             0         16         -1
   17   tcn803.local.snellius.surf.nl             0         17         -1
   18   tcn803.local.snellius.surf.nl             0         18         -1
   19   tcn803.local.snellius.surf.nl             0         19         -1
   20   tcn803.local.snellius.surf.nl             0         20         -1
   21   tcn803.local.snellius.surf.nl             0         21         -1
   22   tcn803.local.snellius.surf.nl             0         22         -1
   23   tcn803.local.snellius.surf.nl             0         23         -1
   24   tcn803.local.snellius.surf.nl             1          0          1
   25   tcn803.local.snellius.surf.nl             1          1         -1
   26   tcn803.local.snellius.surf.nl             1          2         -1
   27   tcn803.local.snellius.surf.nl             1          3         -1
   28   tcn803.local.snellius.surf.nl             1          4         -1
   29   tcn803.local.snellius.surf.nl             1          5         -1
   30   tcn803.local.snellius.surf.nl             1          6         -1
   31   tcn803.local.snellius.surf.nl             1          7         -1
   32   tcn803.local.snellius.surf.nl             1          8         -1
   33   tcn803.local.snellius.surf.nl             1          9         -1
   34   tcn803.local.snellius.surf.nl             1         10         -1
   35   tcn803.local.snellius.surf.nl             1         11         -1
   36   tcn803.local.snellius.surf.nl             1         12         -1
   37   tcn803.local.snellius.surf.nl             1         13         -1
   38   tcn803.local.snellius.surf.nl             1         14         -1
   39   tcn803.local.snellius.surf.nl             1         15         -1
   40   tcn803.local.snellius.surf.nl             1         16         -1
   41   tcn803.local.snellius.surf.nl             1         17         -1
   42   tcn803.local.snellius.surf.nl             1         18         -1
   43   tcn803.local.snellius.surf.nl             1         19         -1
   44   tcn803.local.snellius.surf.nl             1         20         -1
   45   tcn803.local.snellius.surf.nl             1         21         -1
   46   tcn803.local.snellius.surf.nl             1         22         -1
   47   tcn803.local.snellius.surf.nl             1         23         -1
   48   tcn803.local.snellius.surf.nl             2          0          2
   49   tcn803.local.snellius.surf.nl             2          1         -1
   50   tcn803.local.snellius.surf.nl             2          2         -1
   51   tcn803.local.snellius.surf.nl             2          3         -1
   52   tcn803.local.snellius.surf.nl             2          4         -1
   53   tcn803.local.snellius.surf.nl             2          5         -1
   54   tcn803.local.snellius.surf.nl             2          6         -1
   55   tcn803.local.snellius.surf.nl             2          7         -1
   56   tcn803.local.snellius.surf.nl             2          8         -1
   57   tcn803.local.snellius.surf.nl             2          9         -1
   58   tcn803.local.snellius.surf.nl             2         10         -1
   59   tcn803.local.snellius.surf.nl             2         11         -1
   60   tcn803.local.snellius.surf.nl             2         12         -1
   61   tcn803.local.snellius.surf.nl             2         13         -1
   62   tcn803.local.snellius.surf.nl             2         14         -1
   63   tcn803.local.snellius.surf.nl             2         15         -1
   64   tcn803.local.snellius.surf.nl             2         16         -1
   65   tcn803.local.snellius.surf.nl             2         17         -1
   66   tcn803.local.snellius.surf.nl             2         18         -1
   67   tcn803.local.snellius.surf.nl             2         19         -1
   68   tcn803.local.snellius.surf.nl             2         20         -1
   69   tcn803.local.snellius.surf.nl             2         21         -1
   70   tcn803.local.snellius.surf.nl             2         22         -1
   71   tcn803.local.snellius.surf.nl             2         23         -1
   72   tcn803.local.snellius.surf.nl             3          0          3
   73   tcn803.local.snellius.surf.nl             3          1         -1
   74   tcn803.local.snellius.surf.nl             3          2         -1
   75   tcn803.local.snellius.surf.nl             3          3         -1
   76   tcn803.local.snellius.surf.nl             3          4         -1
   77   tcn803.local.snellius.surf.nl             3          5         -1
   78   tcn803.local.snellius.surf.nl             3          6         -1
   79   tcn803.local.snellius.surf.nl             3          7         -1
   80   tcn803.local.snellius.surf.nl             3          8         -1
   81   tcn803.local.snellius.surf.nl             3          9         -1
   82   tcn803.local.snellius.surf.nl             3         10         -1
   83   tcn803.local.snellius.surf.nl             3         11         -1
   84   tcn803.local.snellius.surf.nl             3         12         -1
   85   tcn803.local.snellius.surf.nl             3         13         -1
   86   tcn803.local.snellius.surf.nl             3         14         -1
   87   tcn803.local.snellius.surf.nl             3         15         -1
   88   tcn803.local.snellius.surf.nl             3         16         -1
   89   tcn803.local.snellius.surf.nl             3         17         -1
   90   tcn803.local.snellius.surf.nl             3         18         -1
   91   tcn803.local.snellius.surf.nl             3         19         -1
   92   tcn803.local.snellius.surf.nl             3         20         -1
   93   tcn803.local.snellius.surf.nl             3         21         -1
   94   tcn803.local.snellius.surf.nl             3         22         -1
   95   tcn803.local.snellius.surf.nl             3         23         -1
   96   tcn803.local.snellius.surf.nl             4          0          4
   97   tcn803.local.snellius.surf.nl             4          1         -1
   98   tcn803.local.snellius.surf.nl             4          2         -1
   99   tcn803.local.snellius.surf.nl             4          3         -1
  100   tcn803.local.snellius.surf.nl             4          4         -1
  101   tcn803.local.snellius.surf.nl             4          5         -1
  102   tcn803.local.snellius.surf.nl             4          6         -1
  103   tcn803.local.snellius.surf.nl             4          7         -1
  104   tcn803.local.snellius.surf.nl             4          8         -1
  105   tcn803.local.snellius.surf.nl             4          9         -1
  106   tcn803.local.snellius.surf.nl             4         10         -1
  107   tcn803.local.snellius.surf.nl             4         11         -1
  108   tcn803.local.snellius.surf.nl             4         12         -1
  109   tcn803.local.snellius.surf.nl             4         13         -1
  110   tcn803.local.snellius.surf.nl             4         14         -1
  111   tcn803.local.snellius.surf.nl             4         15         -1
  112   tcn803.local.snellius.surf.nl             4         16         -1
  113   tcn803.local.snellius.surf.nl             4         17         -1
  114   tcn803.local.snellius.surf.nl             4         18         -1
  115   tcn803.local.snellius.surf.nl             4         19         -1
  116   tcn803.local.snellius.surf.nl             4         20         -1
  117   tcn803.local.snellius.surf.nl             4         21         -1
  118   tcn803.local.snellius.surf.nl             4         22         -1
  119   tcn803.local.snellius.surf.nl             4         23         -1
  120   tcn803.local.snellius.surf.nl             5          0          5
  121   tcn803.local.snellius.surf.nl             5          1         -1
  122   tcn803.local.snellius.surf.nl             5          2         -1
  123   tcn803.local.snellius.surf.nl             5          3         -1
  124   tcn803.local.snellius.surf.nl             5          4         -1
  125   tcn803.local.snellius.surf.nl             5          5         -1
  126   tcn803.local.snellius.surf.nl             5          6         -1
  127   tcn803.local.snellius.surf.nl             5          7         -1
  128   tcn803.local.snellius.surf.nl             5          8         -1
  129   tcn803.local.snellius.surf.nl             5          9         -1
  130   tcn803.local.snellius.surf.nl             5         10         -1
  131   tcn803.local.snellius.surf.nl             5         11         -1
  132   tcn803.local.snellius.surf.nl             5         12         -1
  133   tcn803.local.snellius.surf.nl             5         13         -1
  134   tcn803.local.snellius.surf.nl             5         14         -1
  135   tcn803.local.snellius.surf.nl             5         15         -1
  136   tcn803.local.snellius.surf.nl             5         16         -1
  137   tcn803.local.snellius.surf.nl             5         17         -1
  138   tcn803.local.snellius.surf.nl             5         18         -1
  139   tcn803.local.snellius.surf.nl             5         19         -1
  140   tcn803.local.snellius.surf.nl             5         20         -1
  141   tcn803.local.snellius.surf.nl             5         21         -1
  142   tcn803.local.snellius.surf.nl             5         22         -1
  143   tcn803.local.snellius.surf.nl             5         23         -1
  144   tcn803.local.snellius.surf.nl             6          0          6
  145   tcn803.local.snellius.surf.nl             6          1         -1
  146   tcn803.local.snellius.surf.nl             6          2         -1
  147   tcn803.local.snellius.surf.nl             6          3         -1
  148   tcn803.local.snellius.surf.nl             6          4         -1
  149   tcn803.local.snellius.surf.nl             6          5         -1
  150   tcn803.local.snellius.surf.nl             6          6         -1
  151   tcn803.local.snellius.surf.nl             6          7         -1
  152   tcn803.local.snellius.surf.nl             6          8         -1
  153   tcn803.local.snellius.surf.nl             6          9         -1
  154   tcn803.local.snellius.surf.nl             6         10         -1
  155   tcn803.local.snellius.surf.nl             6         11         -1
  156   tcn803.local.snellius.surf.nl             6         12         -1
  157   tcn803.local.snellius.surf.nl             6         13         -1
  158   tcn803.local.snellius.surf.nl             6         14         -1
  159   tcn803.local.snellius.surf.nl             6         15         -1
  160   tcn803.local.snellius.surf.nl             6         16         -1
  161   tcn803.local.snellius.surf.nl             6         17         -1
  162   tcn803.local.snellius.surf.nl             6         18         -1
  163   tcn803.local.snellius.surf.nl             6         19         -1
  164   tcn803.local.snellius.surf.nl             6         20         -1
  165   tcn803.local.snellius.surf.nl             6         21         -1
  166   tcn803.local.snellius.surf.nl             6         22         -1
  167   tcn803.local.snellius.surf.nl             6         23         -1
  168   tcn803.local.snellius.surf.nl             7          0          7
  169   tcn803.local.snellius.surf.nl             7          1         -1
  170   tcn803.local.snellius.surf.nl             7          2         -1
  171   tcn803.local.snellius.surf.nl             7          3         -1
  172   tcn803.local.snellius.surf.nl             7          4         -1
  173   tcn803.local.snellius.surf.nl             7          5         -1
  174   tcn803.local.snellius.surf.nl             7          6         -1
  175   tcn803.local.snellius.surf.nl             7          7         -1
  176   tcn803.local.snellius.surf.nl             7          8         -1
  177   tcn803.local.snellius.surf.nl             7          9         -1
  178   tcn803.local.snellius.surf.nl             7         10         -1
  179   tcn803.local.snellius.surf.nl             7         11         -1
  180   tcn803.local.snellius.surf.nl             7         12         -1
  181   tcn803.local.snellius.surf.nl             7         13         -1
  182   tcn803.local.snellius.surf.nl             7         14         -1
  183   tcn803.local.snellius.surf.nl             7         15         -1
  184   tcn803.local.snellius.surf.nl             7         16         -1
  185   tcn803.local.snellius.surf.nl             7         17         -1
  186   tcn803.local.snellius.surf.nl             7         18         -1
  187   tcn803.local.snellius.surf.nl             7         19         -1
  188   tcn803.local.snellius.surf.nl             7         20         -1
  189   tcn803.local.snellius.surf.nl             7         21         -1
  190   tcn803.local.snellius.surf.nl             7         22         -1
  191   tcn803.local.snellius.surf.nl             7         23         -1
 ==============================================================================


May use up to 23044MB of RAM as shared memory on node 6
May use up to 23064MB of RAM as shared memory on node 3
May use up to 22928MB of RAM as shared memory on node 0
May use up to 23064MB of RAM as shared memory on node 4
May use up to 23064MB of RAM as shared memory on node 2
May use up to 23064MB of RAM as shared memory on node 1
May use up to 23064MB of RAM as shared memory on node 5
May use up to 23031MB of RAM as shared memory on node 7

 *******************************************************************************
 *                                                                             *
 *  --------------------------------                                           *
 *   Amsterdam Modeling Suite (AMS)              2023.101                      *
 *  --------------------------------                                           *
 *                                               r111868 2023-03-31            *
 *                                                                             *
 *                                                                             *
 *                              =================                              *
 *                              |               |                              *
 *                              |     A M S     |                              *
 *                              |               |                              *
 *                              =================                              *
 *                                                                             *
 *                                                                             *
 *   Online information and documentation:  https://www.scm.com/support/       *
 *   E-mail:  support@scm.com   info@scm.com                                   *
 *                                                                             *
 *   Scientific publications using AMS results must be properly referenced     *
 *   See the User Manuals (or the web site) for recommended citations          *
 *   The terms and conditions of the End User License Agreement apply to       *
 *   the use of AMS, https://www.scm.com/license-terms/                        *
 *                                                                             *
 **********************  x86_64_linux_amdZen / intelmpi  ***********************
 
 Licensed to: Dr. Wim Rijks / SURF-SARA, Comp. & Networking Services / Amsterdam / NL 2024-04-26 17:20:39
 SCM User ID: u7409
  
 AMS 2023.101  RunTime: May07-2024 16:32:33  ShM Nodes: 8  Procs: 192

 AMS jobname: pEDA
 AMS jobid  : 438342168

 Start   directory: /gpfs/scratch1/nodespecific/tcn803/pascalv.6174609/pascalv/6174609/
 Results directory: /gpfs/scratch1/nodespecific/tcn803/pascalv.6174609/pascalv/6174609/pEDA.results/
 Scratch directory: /scratch-local/pascalv.6174609/amstmp_pEDA_kid0.438342168/


 Communication costs MPI_COMM_WORLD:      6.479 usec per message,   0.0507 usec per 8-byte item
 Communication costs for intra-node:      2.939 usec per message,   0.0157 usec per 8-byte item

 RNG seed: -1168474515 -2017664710 -1483756170 -957015694 1410684331 1141571030 1299608664 1799096921

       ****************************
       * SINGLE POINT CALCULATION *
       ****************************
 
--------
Geometry
--------
Formula: C66HMnN4
Atoms
  Index Symbol   x (angstrom)   y (angstrom)   z (angstrom)
      1      C     6.08768711    -0.04715752     0.01992248
      2      C     6.11905327    -1.46631587     0.01628969
      3      C    -6.16161289     0.02485294     0.00688096
      4      C    -6.12489915    -1.39403830     0.01261466
      5      C    -4.93983893     2.16089750    -0.01666120
      6      C    -4.93321221     0.74037766    -0.00358847
      7      C    -3.70429386     4.28884479    -0.03508157
      8      C    -3.71441070     2.87569104    -0.02876210
      9      C    -2.46304383     6.41301607    -0.02875531
     10      C    -2.47315873     4.99986552    -0.03508360
     11      C    -1.24424212     8.54832899    -0.00358011
     12      C    -1.23761461     7.12780934    -0.01665544
     13      C    -0.05255531    10.68274581     0.01261694
     14      C    -0.01584124     9.26385433     0.00688566
     15      C    -4.87458993    -2.10011706     0.01628690
     16      C    -4.84322350    -3.51927539     0.01992178
     17      C    -3.70000453     0.04111348     0.00114030
     18      C    -3.64518349    -1.37945722     0.01558632
     19      C    -2.48416714     2.18368348    -0.02456892
     20      C    -2.48485815     0.76994222    -0.00773025
     21      C    -1.24416035     4.30082083    -0.02911816
     22      C    -1.26051607     2.89018414    -0.02483647
     23      C    -0.00697835     6.42302087    -0.01165675
     24      C    -0.01212906     5.00520128    -0.01726617
     25      C     1.22642179     8.55687314     0.01024267
     26      C     1.22658940     7.13489645     0.00339299
     27      C    -3.58997363    -4.21559068     0.02700006
     28      C    -3.61386116    -5.64845042     0.01921874
     29      C    -2.37822448    -2.05241956     0.03470023
     30      C    -2.33852428    -3.49333255     0.03878049
     31      C    -1.27053120     0.07547997     0.01106159
     32      N    -1.21725239    -1.30276449     0.04272375
     33      C    -0.03517799     2.18320858    -0.00902544
     34      C    -0.04121266     0.78456289     0.00988997
     35      C     1.21485260     4.28845822    -0.00487540
     36      C     1.20325715     2.87157480    -0.00026776
     37      C     2.45669487     6.42402817     0.00952855
     38      C     2.44836728     4.99543597     0.00567821
     39      C    -2.40098979    -6.38524760     0.01530995
     40      C    -2.41434421    -7.82102837     0.01127015
     41      C    -1.11177062    -4.24752340     0.03339140
     42      C    -1.16201219    -5.68002078     0.01464100
     43      C     4.88964713    -2.18697627     0.01559264
     44      N     0.11885344    -3.61549912     0.03890224
     45      N     1.12560906     0.04906362     0.03889730
     46      C     4.94446823    -3.60754674     0.00115041
     47      C     2.40647668     2.11358354     0.01463605
     48      C     2.35623357     0.68108723     0.03338805
     49      C     3.65880786     4.25459563     0.01127015
     50      C     3.64545387     2.81881105     0.01531197
     51      C    -1.20390193    -8.56186703     0.00568395
     52      C    -1.21222881    -9.99046234     0.00953271
     53      C     0.04120747    -6.43800946    -0.00025541
     54      C     0.02961231    -7.85488990    -0.00486416
     55      C     1.28567572    -4.35099767     0.00990052
     56      C     1.27964144    -5.74964390    -0.00901070
     57      N     2.46171510    -2.26366956     0.04272909
     58      C     2.51499377    -3.64191406     0.01107241
     59      C     3.58298780    -0.07310243     0.03878155
     60      C     3.62268764    -1.51401487     0.03470450
     61      C     4.85832677     2.08201597     0.01922210
     62      C     4.83443760     0.64915637     0.02700171
     63      C     0.01787597   -10.70132934     0.00339423
     64      C     0.01804233   -12.12330588     0.01024147
     65      C     1.25659565    -8.57163295    -0.01725804
     66      C     1.25144416    -9.98945326    -0.01165651
     67      C     2.50497945    -6.45661732    -0.02482030
     68      C     2.48862607    -7.86724992    -0.02910758
     69      C     3.72932154    -4.33637550    -0.00771683
     70      C     3.72862996    -5.75011599    -0.02455460
     71     Mn     0.62223088    -1.78321739     0.17761891
     72      H     0.62222913    -1.78321577     1.70051346
 
Lattice vectors (angstrom)
      1     7.42191834   -12.85513965     0.00000000
      2     7.30669860    12.78861750     0.00000000
 
Unit cell area (angstrom^2)       188.84471
 
Total System Charge             0.00000
 



                    ***************************************************************************
                    *  BAND 2023.101  RunTime: May07-2024 16:32:40  ShM Nodes: 8  Procs: 192  *
                    ***************************************************************************
  

-----------------
Band Engine Input
-----------------

Basis
Type TZP
Core None
End
Convergence
Criterion 1.0e-6
End
NumericalQuality Good
UseSymmetry No
kspace
Type regular
Quality GammaOnly
End
XC
GGA PBE
DISPERSION GRIMME3 BJDAMP
End
Unrestricted yes
PEDA
Fragment
filename /gpfs/home5/pascalv/Projects/SAC/N_Doped_Graphene/2023/NDG_with_metal/Mn/Hydrogen_Adsorption/GeoOpt_UC/LT_Adsorption_First_H/pEDA/1.523/Fragment_1.band.rkf
AtomMapping
1 1
2 2
3 3
4 4
5 5
6 6
7 7
8 8
9 9
10 10
11 11
12 12
13 13
14 14
15 15
16 16
17 17
18 18
19 19
20 20
21 21
22 22
23 23
24 24
25 25
26 26
27 27
28 28
29 29
30 30
31 31
32 32
33 33
34 34
35 35
36 36
37 37
38 38
39 39
40 40
41 41
42 42
43 43
44 44
45 45
46 46
47 47
48 48
49 49
50 50
51 51
52 52
53 53
54 54
55 55
56 56
57 57
58 58
59 59
60 60
61 61
62 62
63 63
64 64
65 65
66 66
67 67
68 68
69 69
70 70
71 71
End
End
Fragment
filename /gpfs/home5/pascalv/Projects/SAC/N_Doped_Graphene/2023/NDG_with_metal/Mn/Hydrogen_Adsorption/GeoOpt_UC/LT_Adsorption_First_H/pEDA/1.523/Fragment_2.band.rkf
AtomMapping
1 72
End
End

 Using the following basis set files:
 
 C              : /sw/arch/RHEL8/EB_production/2022/software/AMS/2023.101-intelmpi/atomicdata/Band/TZP/C
 N              : /sw/arch/RHEL8/EB_production/2022/software/AMS/2023.101-intelmpi/atomicdata/Band/TZP/N
 Mn             : /sw/arch/RHEL8/EB_production/2022/software/AMS/2023.101-intelmpi/atomicdata/Band/TZP/Mn
 H              : /sw/arch/RHEL8/EB_production/2022/software/AMS/2023.101-intelmpi/atomicdata/Band/TZP/H
 Needs range separation F F
 Range separation string: 



 =====================
 C O N F I N E M E N T
 =====================
  
 Basis functions confinement radius        20.000
 Width                                      2.000



 ===============================
 M O D E L   P A R A M E T E R S
 ===============================
  
 DENSITY FUNCTIONAL POTENTIAL (scf)
    LDA:                               PW92                                    == Not Default ==
    Gradient Corrections:              PBEc PBEx                               == Not Default ==
 DENSITY FUNCTIONAL ENERGY (post-scf)
    Gradient Corrections:              Becke88 Perdew86 PW91x PW91c EV93x PW...== Not Default ==

 SPIN  (restricted / unrestr.)
    Molecule:                          UNrestricted                            == Not Default ==

 OTHER ASPECTS
    Relativistic Corrections:          scalar (ZORA,APA)                        

    Nuclear Charge Density Model:      Point Charge Nuclei                      



 ========================
 S. C. F.   O P T I O N S
 ========================
  

 * DIIS settings info for DIRAC   *
    Cond              0.1E+07
    CLarge          20.00
    CHuge           50.00
    DiMix            1.00
    IopPly              1
    NCyDmp              5
    IPrint              0
    Adaptable           F
    Method         diis                
    Dimix Decay fac  1.00

 SCF Multi Stepper from: DFTB/default2023.inc


    Mix            0.0750
    Degenerate          F
    Edegen          1.0E-04
    SCFRTX           9.90
    Convrg          1.0E-06
    Ncyclx            300
    Vsplit          5.0E-02
 getinp: use Shared Memory T




                             **  R A D I A L   F U N C T I O N S  **

 TOTAL NR. OF TYPES OF ATOMS                              4




                             ---------------------
                                   T Y P E   1
                             ---------------------

 RADIAL POINTS                                         3000




 ............................ D I R A C ................................

 NUCLEAR CHARGE                                 6.0000               **>  C  <**
 (POINT NUCLEUS)
 VALENCE CHARGE                                 6.0000
 NET CHARGE                                     0.0000

 VALENCE ORBITALS INCLUDED IN THE CRYSTAL BASIS
 Radial grid       nr of points               3000
                   range                      0.10E-05     0.10E+03
  
  ** SCF-FUNCTIONAL INFO **
    ZORA
    SCALAR
  
 Self consistent error   0.12E-08


  Orbital    Q         E(a.u.)     E(eV)           <R>
 -------------------------------------------------------------------
  1S         2.00    -10.050023       -273.4750   0.271
  2S         2.00     -0.505337        -13.7509   1.571
  2P         2.00     -0.194236         -5.2854   1.800



 NR. OF RADIAL VALENCE ORBITALS                           9
 NR. OF RADIAL CORE ORBITALS                              0
 NR. OF RADIAL FIT FUNCTIONS                              0




                             ---------------------
                                   T Y P E   2
                             ---------------------

 RADIAL POINTS                                         3000




 ............................ D I R A C ................................

 NUCLEAR CHARGE                                 7.0000               **>  N  <**
 (POINT NUCLEUS)
 VALENCE CHARGE                                 7.0000
 NET CHARGE                                     0.0000

 VALENCE ORBITALS INCLUDED IN THE CRYSTAL BASIS
 Radial grid       nr of points               3000
                   range                      0.10E-05     0.10E+03
  
  ** SCF-FUNCTIONAL INFO **
    ZORA
    SCALAR
  
 Self consistent error   0.56E-08


  Orbital    Q         E(a.u.)     E(eV)           <R>
 -------------------------------------------------------------------
  1S         2.00    -14.145225       -384.9112   0.230
  2S         2.00     -0.682915        -18.5831   1.320
  2P         3.00     -0.260544         -7.0898   1.484



 NR. OF RADIAL VALENCE ORBITALS                           9
 NR. OF RADIAL CORE ORBITALS                              0
 NR. OF RADIAL FIT FUNCTIONS                              0




                             ---------------------
                                   T Y P E   3
                             ---------------------

 RADIAL POINTS                                         3000




 ............................ D I R A C ................................

 NUCLEAR CHARGE                                25.0000               **>  Mn  <**
 (POINT NUCLEUS)
 VALENCE CHARGE                                25.0000
 NET CHARGE                                     0.0000

 VALENCE ORBITALS INCLUDED IN THE CRYSTAL BASIS
 Radial grid       nr of points               3000
                   range                      0.10E-05     0.10E+03
  
  ** SCF-FUNCTIONAL INFO **
    ZORA
    SCALAR
  
 Self consistent error   0.62E-08


  Orbital    Q         E(a.u.)     E(eV)           <R>
 -------------------------------------------------------------------
  1S         2.00   -238.099719      -6479.0230   0.061
  2S         2.00    -27.368531       -744.7356   0.279
  2P         6.00    -23.180305       -630.7682   0.247
  3S         2.00     -3.155991        -85.8789   0.851
  3P         6.00     -2.005944        -54.5845   0.904
  4S         2.00     -0.187649         -5.1062   3.094
  3D         5.00     -0.248949         -6.7743   1.223



 NR. OF RADIAL VALENCE ORBITALS                          18
 NR. OF RADIAL CORE ORBITALS                              0
 NR. OF RADIAL FIT FUNCTIONS                              0




                             ---------------------
                                   T Y P E   4
                             ---------------------

 RADIAL POINTS                                         3000




 ............................ D I R A C ................................

 NUCLEAR CHARGE                                 1.0000               **>  H  <**
 (POINT NUCLEUS)
 VALENCE CHARGE                                 1.0000
 NET CHARGE                                     0.0000

 VALENCE ORBITALS INCLUDED IN THE CRYSTAL BASIS
 Radial grid       nr of points               3000
                   range                      0.10E-05     0.10E+03
  
  ** SCF-FUNCTIONAL INFO **
    ZORA
    SCALAR
  
 Self consistent error   0.93E-08


  Orbital    Q         E(a.u.)     E(eV)           <R>
 -------------------------------------------------------------------
  1S         1.00     -0.238603         -6.4927   1.636



 NR. OF RADIAL VALENCE ORBITALS                           4
 NR. OF RADIAL CORE ORBITALS                              0
 NR. OF RADIAL FIT FUNCTIONS                              0



 ======================================================
 R A N G E S    F O R    A T O M I C    O R B I T A L S
 ======================================================
  
   --------------------------------------------------------------------------------
                            valence            core valence kinetic    core kinetic
   --------------------------------------------------------------------------------

             Cutoff       1.000E-07       1.000E-07       1.000E-07       1.000E-07
   --------------------------------------------------------------------------------
 
   --------------------------------------------------------------------------------
               Type         valence            core valence kinetic    core kinetic
   --------------------------------------------------------------------------------
                  C           24.80            0.00           24.95            0.00
                  N           22.76            0.00           22.76            0.00
                 Mn           26.21            0.00           26.70            0.00
                  H           25.26            0.00           25.89            0.00
   --------------------------------------------------------------------------------
 



 ====================
 R U N    C O N F I G
 ====================
  
 
 Use Symmetry  .  .  .  .  .  .  .  .  .  .  .  .  .  .  .  .  F
 Calculate gradient of basis  .  .  .  .  .  .  .  .  .  .  .  F
 Calculate sec. der. of basis .  .  .  .  .  .  .  .  .  .  .  F
 Calculate operator T working on basis .  .  .  .  .  .  .  .  T
 Calculate dk-basis  .  .  .  .  .  .  .  .  .  .  .  .  .  .  F
 Calculate gradient of fit .  .  .  .  .  .  .  .  .  .  .  .  T
 Calculate sec. der. of fit.  .  .  .  .  .  .  .  .  .  .  .  T
 Calculate gradient of fit pot.  .  .  .  .  .  .  .  .  .  .  F
 Kin. energy via grad.  .  .  .  .  .  .  .  .  .  .  .  .  .  F
 Turnover rule for xc.  .  .  .  .  .  .  .  .  .  .  .  .  .  F
 Calculate gradient of energy .  .  .  .  .  .  .  .  .  .  .  F
 Calculate analytical strain derivatives  .  .  .  .  .  .  .  F
 Calculate kin. energy density.  .  .  .  .  .  .  .  .  .  .  F
 Calculate nuc. grad of kin. energy density  .  .  .  .  .  .  F
 Calculate der. of density .  .  .  .  .  .  .  .  .  .  .  .  T
 Calculate second der. of density.  .  .  .  .  .  .  .  .  .  T
 Calculate nuc. grad. of density .  .  .  .  .  .  .  .  .  .  F
 Calculate nuc. grad. of grad. density .  .  .  .  .  .  .  .  F
 Exact rho during SCF.  .  .  .  .  .  .  .  .  .  .  .  .  .  T
 Exact grad. rho during SCF.  .  .  .  .  .  .  .  .  .  .  .  F
 Exact grad. rho post SCF  .  .  .  .  .  .  .  .  .  .  .  .  F
 Store history of dens. matrix.  .  .  .  .  .  .  .  .  .  .  T
 Store original Bloch functions  .  .  .  .  .  .  .  .  .  .  F
 Direct fit .  .  .  .  .  .  .  .  .  .  .  .  .  .  .  .  .  F
 Direct basis  .  .  .  .  .  .  .  .  .  .  .  .  .  .  .  .  T
 STO based fitting.  .  .  .  .  .  .  .  .  .  .  .  .  .  .  F
 Zlm fitting.  .  .  .  .  .  .  .  .  .  .  .  .  .  .  .  .  T
 Calculate fragment energy in mol. grid.  .  .  .  .  .  .  .  T
 Map atoms to unit cell .  .  .  .  .  .  .  .  .  .  .  .  .  T
 Print output for radial.  .  .  .  .  .  .  .  .  .  .  .  .  T
 Calculate DOS .  .  .  .  .  .  .  .  .  .  .  .  .  .  .  .  T
 Calculate population analysis.  .  .  .  .  .  .  .  .  .  .  T
 Calculate band structure  .  .  .  .  .  .  .  .  .  .  .  .  F
 Calculate EFG .  .  .  .  .  .  .  .  .  .  .  .  .  .  .  .  F
 Calculate properties.  .  .  .  .  .  .  .  .  .  .  .  .  .  T
 Calculate kinetic energy  .  .  .  .  .  .  .  .  .  .  .  .  T
 Save file tape10 .  .  .  .  .  .  .  .  .  .  .  .  .  .  .  F
 Save file Points .  .  .  .  .  .  .  .  .  .  .  .  .  .  .  F



 ==================================================
 G E O M E T R Y    I N    X - Y - Z    F O R M A T
 ==================================================
  
 C       6.087148845    -0.047529052    -0.011296459
 C       6.118515005    -1.466687402    -0.014929249
 C      -6.162151155     0.024481408    -0.024337979
 C      -6.125437415    -1.394409832    -0.018604279
 C      -4.940377195     2.160525968    -0.047880139
 C      -4.933750475     0.740006128    -0.034807409
 C      -3.704832125     4.288473258    -0.066300509
 C      -3.714948965     2.875319508    -0.059981039
 C      -2.463582095     6.412644538    -0.059974249
 C      -2.473696995     4.999493988    -0.066302539
 C       6.177137953    -4.307182189    -0.034799049
 C      -1.238152875     7.127437808    -0.047874379
 C      -7.359792174    -2.106243219    -0.018601999
 C      -7.323078104    -3.525134699    -0.024333279
 C      -4.875128195    -2.100488592    -0.014932039
 C      -4.843761765    -3.519646922    -0.011297159
 C      -3.700542795     0.040741948    -0.030078639
 C      -3.645721755    -1.379828752    -0.015632619
 C      -2.484705405     2.183311948    -0.055787859
 C      -2.485396415     0.769570688    -0.038949189
 C      -1.244698615     4.300449298    -0.060337099
 C      -1.261054335     2.889812608    -0.056055409
 C      -0.007516615     6.422649338    -0.042875689
 C      -0.012667325     5.004829748    -0.048485109
 C      -6.080815074    -4.232115889    -0.020976269
 C       1.226051135     7.134524918    -0.027825949
 C      -3.590511895    -4.215962212    -0.004218879
 C      -3.614399425    -5.648821952    -0.012000199
 C      -2.378762745    -2.052791092     0.003481291
 C      -2.339062545    -3.493704082     0.007561551
 C      -1.271069465     0.075108438    -0.020157349
 C      -0.035716255     2.182837048    -0.040244379
 C      -0.041750925     0.784191358    -0.021328969
 C       1.214314335     4.288086688    -0.036094339
 C       1.202718885     2.871203268    -0.031486699
 C       2.456156605     6.423656638    -0.021690389
 C       2.447829015     4.995064438    -0.025540729
 C      -2.401528055    -6.385619132    -0.015908989
 C       4.891816123     4.967217596    -0.019948789
 C      -1.112308885    -4.247894932     0.002172461
 C      -1.162550455    -5.680392312    -0.016577939
 C       4.889108865    -2.187347802    -0.015626299
 C       4.943929965    -3.607918272    -0.030068529
 C       2.405938415     2.113212008    -0.016582889
 C       2.355695305     0.680715698     0.002169111
 C       3.658269595     4.254224098    -0.019948789
 C       3.644915605     2.818439518    -0.015906969
 C       6.102258403     4.226378936    -0.025534989
 C       6.093931523     2.797783626    -0.021686229
 C       0.040669205    -6.438380992    -0.031474349
 C       0.029074045    -7.855261432    -0.036083099
 C       1.285137455    -4.351369202    -0.021318419
 C       1.279103175    -5.750015432    -0.040229639
 C       2.514455505    -3.642285592    -0.020146529
 C       3.582449535    -0.073473962     0.007562611
 C       3.622149375    -1.514386402     0.003485561
 C       4.857788505     2.081644438    -0.011996839
 C       4.833899335     0.648784838    -0.004217229
 C       7.324036303     2.086916626    -0.027824709
 C       7.324202663     0.664940086    -0.020977469
 C      -6.165860954     4.283135166    -0.048476979
 C      -6.171012444     2.865314856    -0.042875449
 C       2.504441185    -6.456988852    -0.056039239
 C      -4.933830534     4.987518196    -0.060326519
 C       3.728783275    -4.336747032    -0.038935769
 C       3.728091695    -5.750487522    -0.055773539
 N      -1.217790655    -1.303136022     0.011504811
 N       0.118315175    -3.615870652     0.007683301
 N       1.125070795     0.048692088     0.007678361
 N       2.461176835    -2.264041092     0.011510151
 Mn      0.621692615    -1.783588922     0.146399971
 H       0.621690865    -1.783587302     1.669294521
 VEC1     7.421918339   -12.855139647     0.000000000
 VEC2     7.306698599    12.788617498     0.000000000

   Total nr. of atoms:         72

 FragmentGeomCheck
   Fragment  1 successfully associated
   Fragment  2 successfully associated




                       2 - D I M E N S I O N A L   C R Y S T A L


                             IN K-SPACE ONLY THE GAMMA POINT




   REAL SPACE LATTICE VECTORS                         LENGTH
   --------------------------                         ------
   1)  14.0253929792 -24.2926932276                   28.051
   2)  13.8076592265  24.1669845829                   27.833

   ----------------------------------------
   Angles between lattice vectors
   ----------------------------------------

     pair          angle

     2 1           120.258776
 


 SMALLEST INTERATOMIC DISTANCE =      2.607050607764
 BeckeGrid: periodic partition function using cells up to order            5



 ===============================
 K - S P A C E   S A M P L I N G
 ===============================
  
 Automatic Regular k-space grid for quality: GAMMAONLY
 
   Single k-point
 FragmentKPointsCheck



 =========
 C E L L S
 =========
  

   Nr. of cells for valence functions:         19



 ===========================
 L I N E A R   S C A L I N G
 ===========================
  
 Neglecting functions
              Valence  1.00E-07
                 Core  1.00E-07
                  Fit  0.00E+00
            Multipole  1.00E-08
   Screening function  3.16E-05



 =========================================
 N U M E R I C A L   I N T E G R A T I O N
 =========================================
  
 Becke grid quality: GOOD           
  
 Lebedev angular grid order:             min:  11 max:  31
 Nr. of radial points:                   min:  56 max:  91

 Total nr. of points                                 955008
 Block length                                           128
 Nr. of unique blocks                                  7461
 Total nr. of blocks                                   7461

 Percentage dummy points                               0.00%
 Nr. of k-points processed together in baspnt            30
 Nr. of symmetry operators (real space)                   1
 Symmetry operators in k-space                            2



 Total charge,    analytically                          450.000000000000
                  numerically                           449.999758157152
                  relative error                     -0.54E-06

 Valence density, analytically                          450.000000000000
                  numerically                           449.999758157152
                  relative error                     -0.54E-06



 INTEGRATED CHARGE PER ATOM:

  SET      TOTAL CHARGE      REL. ERROR      Valence CHARGE    REL. ERROR
 ------------------------------------------------------------------------
   1       5.9999985624      -0.240E-06      5.9999985624      -0.240E-06
   2       5.9999975892      -0.402E-06      5.9999975892      -0.402E-06
   3       5.9999965738      -0.571E-06      5.9999965738      -0.571E-06
   4       5.9999972330      -0.461E-06      5.9999972330      -0.461E-06
   5       5.9999972333      -0.461E-06      5.9999972333      -0.461E-06
   6       5.9999970745      -0.488E-06      5.9999970745      -0.488E-06
   7       5.9999973394      -0.443E-06      5.9999973394      -0.443E-06
   8       5.9999972386      -0.460E-06      5.9999972386      -0.460E-06
   9       5.9999972398      -0.460E-06      5.9999972398      -0.460E-06
  10       5.9999973396      -0.443E-06      5.9999973396      -0.443E-06
  11       5.9999970744      -0.488E-06      5.9999970744      -0.488E-06
  12       5.9999972331      -0.461E-06      5.9999972331      -0.461E-06
  13       5.9999972341      -0.461E-06      5.9999972341      -0.461E-06
  14       5.9999965740      -0.571E-06      5.9999965740      -0.571E-06
  15       5.9999975891      -0.402E-06      5.9999975891      -0.402E-06
  16       5.9999985615      -0.240E-06      5.9999985615      -0.240E-06
  17       5.9999946955      -0.884E-06      5.9999946955      -0.884E-06
  18       5.9999986953      -0.217E-06      5.9999986953      -0.217E-06
  19       5.9999975455      -0.409E-06      5.9999975455      -0.409E-06
  20       5.9999957148      -0.714E-06      5.9999957148      -0.714E-06
  21       5.9999977321      -0.378E-06      5.9999977321      -0.378E-06
  22       5.9999969220      -0.513E-06      5.9999969220      -0.513E-06
  23       5.9999975085      -0.415E-06      5.9999975085      -0.415E-06
  24       5.9999973292      -0.445E-06      5.9999973292      -0.445E-06
  25       5.9999978027      -0.366E-06      5.9999978027      -0.366E-06
  26       5.9999974119      -0.431E-06      5.9999974119      -0.431E-06
  27       5.9999990396      -0.160E-06      5.9999990396      -0.160E-06
  28       5.9999971902      -0.468E-06      5.9999971902      -0.468E-06
  29       6.0000006575       0.110E-06      6.0000006575       0.110E-06
  30       5.9999963476      -0.609E-06      5.9999963476      -0.609E-06
  31       5.9999990723      -0.155E-06      5.9999990723      -0.155E-06
  32       6.0000003207       0.534E-07      6.0000003207       0.534E-07
  33       5.9999905957      -0.157E-05      5.9999905957      -0.157E-05
  34       5.9999979444      -0.343E-06      5.9999979444      -0.343E-06
  35       5.9999981114      -0.315E-06      5.9999981114      -0.315E-06
  36       5.9999975212      -0.413E-06      5.9999975212      -0.413E-06
  37       5.9999976170      -0.397E-06      5.9999976170      -0.397E-06
  38       5.9999973831      -0.436E-06      5.9999973831      -0.436E-06
  39       5.9999977794      -0.370E-06      5.9999977794      -0.370E-06
  40       5.9999991473      -0.142E-06      5.9999991473      -0.142E-06
  41       5.9999972416      -0.460E-06      5.9999972416      -0.460E-06
  42       5.9999986952      -0.217E-06      5.9999986952      -0.217E-06
  43       5.9999946957      -0.884E-06      5.9999946957      -0.884E-06
  44       5.9999972410      -0.460E-06      5.9999972410      -0.460E-06
  45       5.9999991472      -0.142E-06      5.9999991472      -0.142E-06
  46       5.9999977789      -0.370E-06      5.9999977789      -0.370E-06
  47       5.9999973834      -0.436E-06      5.9999973834      -0.436E-06
  48       5.9999976175      -0.397E-06      5.9999976175      -0.397E-06
  49       5.9999975210      -0.413E-06      5.9999975210      -0.413E-06
  50       5.9999981117      -0.315E-06      5.9999981117      -0.315E-06
  51       5.9999979442      -0.343E-06      5.9999979442      -0.343E-06
  52       5.9999905953      -0.157E-05      5.9999905953      -0.157E-05
  53       6.0000003213       0.535E-07      6.0000003213       0.535E-07
  54       5.9999990729      -0.155E-06      5.9999990729      -0.155E-06
  55       5.9999963477      -0.609E-06      5.9999963477      -0.609E-06
  56       6.0000006578       0.110E-06      6.0000006578       0.110E-06
  57       5.9999971903      -0.468E-06      5.9999971903      -0.468E-06
  58       5.9999990394      -0.160E-06      5.9999990394      -0.160E-06
  59       5.9999974126      -0.431E-06      5.9999974126      -0.431E-06
  60       5.9999978034      -0.366E-06      5.9999978034      -0.366E-06
  61       5.9999973296      -0.445E-06      5.9999973296      -0.445E-06
  62       5.9999975089      -0.415E-06      5.9999975089      -0.415E-06
  63       5.9999969218      -0.513E-06      5.9999969218      -0.513E-06
  64       5.9999977321      -0.378E-06      5.9999977321      -0.378E-06
  65       5.9999957142      -0.714E-06      5.9999957142      -0.714E-06
  66       5.9999975459      -0.409E-06      5.9999975459      -0.409E-06
  67       6.9999937060      -0.899E-06      6.9999937060      -0.899E-06
  68       7.0000066527       0.950E-06      7.0000066527       0.950E-06
  69       7.0000066528       0.950E-06      7.0000066528       0.950E-06
  70       6.9999937055      -0.899E-06      6.9999937055      -0.899E-06
  71      24.9999390264      -0.244E-05     24.9999390264      -0.244E-05
  72       0.9999860685      -0.139E-04      0.9999860685      -0.139E-04
 
 use shared memory for sandwiching:  F , as int:            0

 Norms of functions from routine baspnt
 Maximum error in norms     4.006E-05 for function     1378
 Minimum accuracy required  1.000E-03

 Sparseness info - valence
   nr. of functions            1378
   max. nr. of functions       1186
   min. nr. of functions        360
   avr. nr. of functions        867
   percentage stored           62.9
 
 Number of independent basis functions:         1378
 PrepareHam: needLdotB F



 ========================
 Density Fitting (zlmFit)
 ========================
  
 ZlmFit Fit Quality: GOOD           
  
 Max L-expansion:                        min:   7 max:   8
 Nr. of radial interpolation points:     min:  72 max: 120
 BeckeGrid: periodic partition function using cells up to order            4
 BeckeGrid: periodic partition function using cells up to order            4
 SCF procedure tweaks
   * counter           0
   * addExtraPotential F
   * addExtraPotentialOnLastCycle F
   * extraPotentialName
   * reuseEigenSystem F
 
 skipDiagonalization F parmix=  7.500000000000000E-002 ncylx=         300
 restartSCF F
 forceRestartSolution F



                                          *******************************
                                          *  S C F   P R O C E D U R E  *
                                          *******************************
  

 Nr. of basis functions                    1378
 Nr. of core functions                        0
 Nr. of fit functions                         0
 Nr. of symmetry unique K-points              1
 Valence charge                          450.00
 Nr. of symmetry operators                    1

 Settings for convergence
 --------------------------------------------------------------------------------
   Initial density:          psi
   start. from max. spin     T
 --------------------------------------------------------------------------------

 Overview of the fragment occupations

      Fragment    K index       spin     # occ.    # virt.      # sea
   ------------------------------------------------------------------
          1          1          1        223       1149          0
          1          1          2        226       1146          0
          2          1          1          1          5          0
          2          1          2          0          6          0
   ==================================================================

 cyc=  0 err=0.00E+00 cpu=  23m ela=  31m



 =============================================
 I N T E R N A L    A T O M    O R D E R I N G
 =============================================
  
   --------------------------------------------------------------------------------
         type         q       set      indx   (input)         x         y         z
   --------------------------------------------------------------------------------
            1         6         1         1         1      11.5      -0.1      -0.0
            1         6         2         2         2      11.6      -2.8      -0.0
            1         6         3         3         3     -11.6       0.0      -0.0
            1         6         4         4         4     -11.6      -2.6      -0.0
            1         6         5         5         5      -9.3       4.1      -0.1
            1         6         6         6         6      -9.3       1.4      -0.1
            1         6         7         7         7      -7.0       8.1      -0.1
            1         6         8         8         8      -7.0       5.4      -0.1
            1         6         9         9         9      -4.7      12.1      -0.1
            1         6        10        10        10      -4.7       9.4      -0.1
            1         6        11        11        11      11.7      -8.1      -0.1
            1         6        12        12        12      -2.3      13.5      -0.1
            1         6        13        13        13     -13.9      -4.0      -0.0
            1         6        14        14        14     -13.8      -6.7      -0.0
            1         6        15        15        15      -9.2      -4.0      -0.0
            1         6        16        16        16      -9.2      -6.7      -0.0
            1         6        17        17        17      -7.0       0.1      -0.1
            1         6        18        18        18      -6.9      -2.6      -0.0
            1         6        19        19        19      -4.7       4.1      -0.1
            1         6        20        20        20      -4.7       1.5      -0.1
            1         6        21        21        21      -2.4       8.1      -0.1
            1         6        22        22        22      -2.4       5.5      -0.1
            1         6        23        23        23      -0.0      12.1      -0.1
            1         6        24        24        24      -0.0       9.5      -0.1
            1         6        25        25        25     -11.5      -8.0      -0.0
            1         6        26        26        26       2.3      13.5      -0.1
            1         6        27        27        27      -6.8      -8.0      -0.0
            1         6        28        28        28      -6.8     -10.7      -0.0
            1         6        29        29        29      -4.5      -3.9       0.0
            1         6        30        30        30      -4.4      -6.6       0.0
            1         6        31        31        31      -2.4       0.1      -0.0
            1         6        32        32        33      -0.1       4.1      -0.1
            1         6        33        33        34      -0.1       1.5      -0.0
            1         6        34        34        35       2.3       8.1      -0.1
            1         6        35        35        36       2.3       5.4      -0.1
            1         6        36        36        37       4.6      12.1      -0.0
            1         6        37        37        38       4.6       9.4      -0.0
            1         6        38        38        39      -4.5     -12.1      -0.0
            1         6        39        39        40       9.2       9.4      -0.0
            1         6        40        40        41      -2.1      -8.0       0.0
            1         6        41        41        42      -2.2     -10.7      -0.0
            1         6        42        42        43       9.2      -4.1      -0.0
            1         6        43        43        46       9.3      -6.8      -0.1
            1         6        44        44        47       4.5       4.0      -0.0
            1         6        45        45        48       4.5       1.3       0.0
            1         6        46        46        49       6.9       8.0      -0.0
            1         6        47        47        50       6.9       5.3      -0.0
            1         6        48        48        51      11.5       8.0      -0.0
            1         6        49        49        52      11.5       5.3      -0.0
            1         6        50        50        53       0.1     -12.2      -0.1
            1         6        51        51        54       0.1     -14.8      -0.1
            1         6        52        52        55       2.4      -8.2      -0.0
            1         6        53        53        56       2.4     -10.9      -0.1
            1         6        54        54        58       4.8      -6.9      -0.0
            1         6        55        55        59       6.8      -0.1       0.0
            1         6        56        56        60       6.8      -2.9       0.0
            1         6        57        57        61       9.2       3.9      -0.0
            1         6        58        58        62       9.1       1.2      -0.0
            1         6        59        59        63      13.8       3.9      -0.1
            1         6        60        60        64      13.8       1.3      -0.0
            1         6        61        61        65     -11.7       8.1      -0.1
            1         6        62        62        66     -11.7       5.4      -0.1
            1         6        63        63        67       4.7     -12.2      -0.1
            1         6        64        64        68      -9.3       9.4      -0.1
            1         6        65        65        69       7.0      -8.2      -0.1
            1         6        66        66        70       7.0     -10.9      -0.1
            2         7        67        67        32      -2.3      -2.5       0.0
            2         7        68        68        44       0.2      -6.8       0.0
            2         7        69        69        45       2.1       0.1       0.0
            2         7        70        70        57       4.7      -4.3       0.0
            3        25        71        71        71       1.2      -3.4       0.3
            4         1        72        72        72       1.2      -3.4       3.2
   --------------------------------------------------------------------------------
 Final bond energy (PBE)                                     -23.99616536    -652.9689   -15057.82
 
 Fit error correction used (Vdef*err)                         -0.00074300      -0.0202       -0.47

 ==================================================================================================
 cycle     1  energy (eV)    -652.969  from kin    617.053
 cyc=  1 err=3.74E+00 meth=o nvec= 1 mix=1.0000 cpu=  10m ela=  12m fit=2.26E-02
  E=    -652.97 (eV) pol= 2.00E+00
 cyc=  2 err=2.44E-01 meth=1 nvec= 1 mix=0.1500 cpu= 463s ela= 562s fit=2.26E-02
  pol= 2.00E+00
 cyc=  3 err=2.52E-01 meth=1 nvec= 2 mix=0.1950 cpu= 504s ela=  10m fit=2.26E-02
  pol= 2.00E+00
 cyc=  4 err=1.34E-01 meth=1 nvec= 3 mix=0.2009 cpu= 463s ela= 565s fit=2.26E-02
  pol= 2.00E+00
 cyc=  5 err=7.39E-02 meth=1 nvec= 4 mix=0.2069 cpu= 505s ela=  10m fit=2.26E-02
  pol= 2.00E+00
 cyc=  6 err=5.79E-02 meth=1 nvec= 5 mix=0.2131 cpu= 386s ela= 519s fit=2.26E-02
  pol= 2.00E+00
 cyc=  7 err=2.70E-02 meth=1 nvec= 6 mix=0.2195 cpu= 298s ela= 457s fit=2.26E-02
  pol= 2.00E+00
 cyc=  8 err=2.15E-02 meth=1 nvec= 7 mix=0.2261 cpu= 152s ela= 341s fit=2.26E-02
  pol= 2.00E+00
 cyc=  9 err=2.11E-02 meth=1 nvec= 8 mix=0.2328 cpu= 163s ela= 399s fit=2.26E-02
  pol= 2.00E+00
 cyc= 10 err=4.79E-03 meth=1 nvec= 9 mix=0.2398 cpu=  96s ela= 250s fit=2.26E-02
  pol= 2.00E+00
 cyc= 11 err=4.72E-03 meth=1 nvec=10 mix=0.2470 cpu= 112s ela= 256s fit=2.26E-02
  pol= 2.00E+00
 cyc= 12 err=3.24E-03 meth=1 nvec=11 mix=0.2544 cpu= 157s ela= 236s fit=2.26E-02
  pol= 2.00E+00
 cyc= 13 err=8.89E-04 meth=1 nvec=12 mix=0.2621 cpu= 119s ela= 231s fit=2.26E-02
  pol= 2.00E+00
 cyc= 14 err=5.46E-04 meth=1 nvec=13 mix=0.2699 cpu=  88s ela= 226s fit=2.26E-02
  pol= 2.00E+00
 cyc= 15 err=1.05E-04 meth=1 nvec=14 mix=0.2780 cpu= 110s ela= 262s fit=2.26E-02
  pol= 2.00E+00
 cyc= 16 err=7.93E-05 meth=1 nvec=15 mix=0.2864 cpu= 115s ela= 268s fit=2.26E-02
  pol= 2.00E+00
 cyc= 17 err=3.82E-05 meth=1 nvec=16 mix=0.2950 cpu= 147s ela= 244s fit=2.26E-02
  pol= 2.00E+00
 cyc= 18 err=1.18E-05 meth=1 nvec=17 mix=0.3038 cpu= 115s ela= 229s fit=2.26E-02
  pol= 2.00E+00
 cyc= 19 err=1.04E-05 meth=1 nvec=18 mix=0.3129 cpu=  60s ela= 201s fit=2.26E-02
  pol= 2.00E+00
 cyc= 20 err=9.07E-06 meth=1 nvec=19 mix=0.3223 cpu=  55s ela= 210s fit=2.26E-02
  pol= 2.00E+00
 cyc= 21 err=5.34E-06 meth=1 nvec=20 mix=0.3320 cpu=  53s ela= 149s fit=2.26E-02
  pol= 2.00E+00
 cyc= 22 err=3.13E-06 meth=1 nvec=20 mix=0.3419 cpu=  49s ela= 115s fit=2.26E-02
  pol= 2.00E+00
 cyc= 23 err=1.25E-06 meth=1 nvec=19 mix=0.3522 cpu=  45s ela= 110s fit=2.26E-02
  pol= 2.00E+00
 cyc= 24 err=1.04E-06 meth=1 nvec=20 mix=0.3628 cpu=  41s ela= 112s fit=2.26E-02
  pol= 2.00E+00

 CONVERGENCE REACHED
 cyc= 25 err=4.00E-07 meth=1 nvec=19 mix=0.3736 cpu=  54s ela= 128s fit=2.26E-02
  pol= 2.00E+00


         -------------------- CYCLE   26 --------------------
 Self consistent error (density)                       4.00E-07



                                             *************************
                                             *  P R O P E R T I E S  *
                                             *************************
  



 ===================================
 B A N D   E N E R G Y   R A N G E S
 ===================================
  
 The energies below are in Hartree.
 ========================================================================================
       band      min(up)      max(up)    occup(up)      min(dn)      max(dn)    occup(dn)
 ========================================================================================
         80     -0.92310     -0.92310      1.00000     -0.92359     -0.92359      1.00000
         81     -0.91163     -0.91163      1.00000     -0.91199     -0.91199      1.00000
         82     -0.89821     -0.89821      1.00000     -0.89846     -0.89846      1.00000
         83     -0.88632     -0.88632      1.00000     -0.88653     -0.88653      1.00000
         84     -0.86925     -0.86925      1.00000     -0.86914     -0.86914      1.00000
         85     -0.85491     -0.85491      1.00000     -0.85476     -0.85476      1.00000
         86     -0.85273     -0.85273      1.00000     -0.85255     -0.85255      1.00000
         87     -0.84652     -0.84652      1.00000     -0.84645     -0.84645      1.00000
         88     -0.83763     -0.83763      1.00000     -0.83754     -0.83754      1.00000
         89     -0.83086     -0.83086      1.00000     -0.83084     -0.83084      1.00000
         90     -0.81101     -0.81101      1.00000     -0.81064     -0.81064      1.00000
         91     -0.81048     -0.81048      1.00000     -0.81059     -0.81059      1.00000
         92     -0.80790     -0.80790      1.00000     -0.80754     -0.80754      1.00000
         93     -0.79968     -0.79968      1.00000     -0.79937     -0.79937      1.00000
         94     -0.79222     -0.79222      1.00000     -0.79218     -0.79218      1.00000
         95     -0.79072     -0.79072      1.00000     -0.79114     -0.79114      1.00000
         96     -0.78819     -0.78819      1.00000     -0.78819     -0.78819      1.00000
         97     -0.78691     -0.78691      1.00000     -0.78620     -0.78620      1.00000
         98     -0.78117     -0.78117      1.00000     -0.78048     -0.78048      1.00000
         99     -0.75885     -0.75885      1.00000     -0.75910     -0.75910      1.00000
        100     -0.74742     -0.74742      1.00000     -0.74741     -0.74741      1.00000
        101     -0.73443     -0.73443      1.00000     -0.73417     -0.73417      1.00000
        102     -0.72508     -0.72508      1.00000     -0.72531     -0.72531      1.00000
        103     -0.72318     -0.72318      1.00000     -0.72344     -0.72344      1.00000
        104     -0.72034     -0.72034      1.00000     -0.72000     -0.72000      1.00000
        105     -0.71769     -0.71769      1.00000     -0.71712     -0.71712      1.00000
        106     -0.71767     -0.71767      1.00000     -0.71710     -0.71710      1.00000
        107     -0.71476     -0.71476      1.00000     -0.71499     -0.71499      1.00000
        108     -0.71463     -0.71463      1.00000     -0.71470     -0.71470      1.00000
        109     -0.71460     -0.71460      1.00000     -0.71454     -0.71454      1.00000
        110     -0.69714     -0.69714      1.00000     -0.69704     -0.69704      1.00000
        111     -0.69432     -0.69432      1.00000     -0.69436     -0.69436      1.00000
        112     -0.69172     -0.69172      1.00000     -0.69133     -0.69133      1.00000
        113     -0.67585     -0.67585      1.00000     -0.67574     -0.67574      1.00000
        114     -0.65563     -0.65563      1.00000     -0.65531     -0.65531      1.00000
        115     -0.64730     -0.64730      1.00000     -0.64760     -0.64760      1.00000
        116     -0.64538     -0.64538      1.00000     -0.64515     -0.64515      1.00000
        117     -0.64289     -0.64289      1.00000     -0.64344     -0.64344      1.00000
        118     -0.64095     -0.64095      1.00000     -0.64123     -0.64123      1.00000
        119     -0.62359     -0.62359      1.00000     -0.62270     -0.62270      1.00000
        120     -0.60731     -0.60731      1.00000     -0.60713     -0.60713      1.00000
        121     -0.59675     -0.59675      1.00000     -0.59655     -0.59655      1.00000
        122     -0.59313     -0.59313      1.00000     -0.59334     -0.59334      1.00000
        123     -0.59264     -0.59264      1.00000     -0.59284     -0.59284      1.00000
        124     -0.59196     -0.59196      1.00000     -0.59194     -0.59194      1.00000
        125     -0.59153     -0.59153      1.00000     -0.59166     -0.59166      1.00000
        126     -0.58430     -0.58430      1.00000     -0.58419     -0.58419      1.00000
        127     -0.58341     -0.58341      1.00000     -0.58304     -0.58304      1.00000
        128     -0.58265     -0.58265      1.00000     -0.58267     -0.58267      1.00000
        129     -0.58124     -0.58124      1.00000     -0.58124     -0.58124      1.00000
        130     -0.57978     -0.57978      1.00000     -0.57991     -0.57991      1.00000
        131     -0.55515     -0.55515      1.00000     -0.55486     -0.55486      1.00000
        132     -0.55343     -0.55343      1.00000     -0.55361     -0.55361      1.00000
        133     -0.55059     -0.55059      1.00000     -0.55062     -0.55062      1.00000
        134     -0.53438     -0.53438      1.00000     -0.53465     -0.53465      1.00000
        135     -0.52853     -0.52853      1.00000     -0.52862     -0.52862      1.00000
        136     -0.52648     -0.52648      1.00000     -0.52661     -0.52661      1.00000
        137     -0.52149     -0.52149      1.00000     -0.52147     -0.52147      1.00000
        138     -0.51959     -0.51959      1.00000     -0.51965     -0.51965      1.00000
        139     -0.49288     -0.49288      1.00000     -0.49270     -0.49270      1.00000
        140     -0.48988     -0.48988      1.00000     -0.49066     -0.49066      1.00000
        141     -0.48496     -0.48496      1.00000     -0.48489     -0.48489      1.00000
        142     -0.48224     -0.48224      1.00000     -0.48289     -0.48289      1.00000
        143     -0.47106     -0.47106      1.00000     -0.47081     -0.47081      1.00000
        144     -0.46471     -0.46471      1.00000     -0.46530     -0.46530      1.00000
        145     -0.46176     -0.46176      1.00000     -0.46193     -0.46193      1.00000
        146     -0.46126     -0.46126      1.00000     -0.46118     -0.46118      1.00000
        147     -0.45965     -0.45965      1.00000     -0.45986     -0.45986      1.00000
        148     -0.45663     -0.45663      1.00000     -0.45650     -0.45650      1.00000
        149     -0.45651     -0.45651      1.00000     -0.45642     -0.45642      1.00000
        150     -0.45621     -0.45621      1.00000     -0.45629     -0.45629      1.00000
        151     -0.45350     -0.45350      1.00000     -0.45336     -0.45336      1.00000
        152     -0.45174     -0.45174      1.00000     -0.45234     -0.45234      1.00000
        153     -0.45169     -0.45169      1.00000     -0.45161     -0.45161      1.00000
        154     -0.44992     -0.44992      1.00000     -0.45035     -0.45035      1.00000
        155     -0.44924     -0.44924      1.00000     -0.44926     -0.44926      1.00000
        156     -0.44311     -0.44311      1.00000     -0.44292     -0.44292      1.00000
        157     -0.43165     -0.43165      1.00000     -0.43170     -0.43170      1.00000
        158     -0.42829     -0.42829      1.00000     -0.42882     -0.42882      1.00000
        159     -0.41785     -0.41785      1.00000     -0.41840     -0.41840      1.00000
        160     -0.41718     -0.41718      1.00000     -0.41827     -0.41827      1.00000
        161     -0.41350     -0.41350      1.00000     -0.41368     -0.41368      1.00000
        162     -0.41346     -0.41346      1.00000     -0.41346     -0.41346      1.00000
        163     -0.41164     -0.41164      1.00000     -0.41205     -0.41205      1.00000
        164     -0.41116     -0.41116      1.00000     -0.41116     -0.41116      1.00000
        165     -0.41044     -0.41044      1.00000     -0.41027     -0.41027      1.00000
        166     -0.40915     -0.40915      1.00000     -0.40881     -0.40881      1.00000
        167     -0.40769     -0.40769      1.00000     -0.40731     -0.40731      1.00000
        168     -0.40363     -0.40363      1.00000     -0.40536     -0.40536      1.00000
        169     -0.40047     -0.40047      1.00000     -0.40050     -0.40050      1.00000
        170     -0.40032     -0.40032      1.00000     -0.40019     -0.40019      1.00000
        171     -0.39594     -0.39594      1.00000     -0.39597     -0.39597      1.00000
        172     -0.39201     -0.39201      1.00000     -0.39280     -0.39280      1.00000
        173     -0.38378     -0.38378      1.00000     -0.38376     -0.38376      1.00000
        174     -0.38150     -0.38150      1.00000     -0.38132     -0.38132      1.00000
        175     -0.37991     -0.37991      1.00000     -0.38000     -0.38000      1.00000
        176     -0.37796     -0.37796      1.00000     -0.37841     -0.37841      1.00000
        177     -0.37764     -0.37764      1.00000     -0.37786     -0.37786      1.00000
        178     -0.37447     -0.37447      1.00000     -0.37609     -0.37609      1.00000
        179     -0.37323     -0.37323      1.00000     -0.37500     -0.37500      1.00000
        180     -0.37286     -0.37286      1.00000     -0.37299     -0.37299      1.00000
        181     -0.36923     -0.36923      1.00000     -0.36938     -0.36938      1.00000
        182     -0.36703     -0.36703      1.00000     -0.36690     -0.36690      1.00000
        183     -0.36300     -0.36300      1.00000     -0.36500     -0.36500      1.00000
        184     -0.36131     -0.36131      1.00000     -0.36466     -0.36466      1.00000
        185     -0.36081     -0.36081      1.00000     -0.36080     -0.36080      1.00000
        186     -0.35642     -0.35642      1.00000     -0.35590     -0.35590      1.00000
        187     -0.35544     -0.35544      1.00000     -0.35565     -0.35565      1.00000
        188     -0.35505     -0.35505      1.00000     -0.35517     -0.35517      1.00000
        189     -0.34866     -0.34866      1.00000     -0.34762     -0.34762      1.00000
        190     -0.33883     -0.33883      1.00000     -0.33888     -0.33888      1.00000
        191     -0.33387     -0.33387      1.00000     -0.33540     -0.33540      1.00000
        192     -0.33330     -0.33330      1.00000     -0.33419     -0.33419      1.00000
        193     -0.33311     -0.33311      1.00000     -0.33344     -0.33344      1.00000
        194     -0.33160     -0.33160      1.00000     -0.33007     -0.33007      1.00000
        195     -0.32990     -0.32990      1.00000     -0.32993     -0.32993      1.00000
        196     -0.32926     -0.32926      1.00000     -0.32986     -0.32986      1.00000
        197     -0.32871     -0.32871      1.00000     -0.32906     -0.32906      1.00000
        198     -0.32197     -0.32197      1.00000     -0.32413     -0.32413      1.00000
        199     -0.32139     -0.32139      1.00000     -0.32132     -0.32132      1.00000
        200     -0.31949     -0.31949      1.00000     -0.31850     -0.31850      1.00000
        201     -0.31503     -0.31503      1.00000     -0.31534     -0.31534      1.00000
        202     -0.31477     -0.31477      1.00000     -0.31523     -0.31523      1.00000
        203     -0.28955     -0.28955      1.00000     -0.30275     -0.30275      1.00000
        204     -0.28809     -0.28809      1.00000     -0.28888     -0.28888      1.00000
        205     -0.28678     -0.28678      1.00000     -0.28827     -0.28827      1.00000
        206     -0.27891     -0.27891      1.00000     -0.27992     -0.27992      1.00000
        207     -0.27854     -0.27854      1.00000     -0.27953     -0.27953      1.00000
        208     -0.27765     -0.27765      1.00000     -0.27936     -0.27936      1.00000
        209     -0.26552     -0.26552      1.00000     -0.27468     -0.27468      1.00000
        210     -0.25999     -0.25999      1.00000     -0.26187     -0.26187      1.00000
        211     -0.25959     -0.25959      1.00000     -0.25861     -0.25861      1.00000
        212     -0.25780     -0.25780      1.00000     -0.25842     -0.25842      1.00000
        213     -0.25779     -0.25779      1.00000     -0.25656     -0.25656      1.00000
        214     -0.25566     -0.25566      1.00000     -0.25551     -0.25551      1.00000
        215     -0.25516     -0.25516      1.00000     -0.25532     -0.25532      1.00000
        216     -0.25397     -0.25397      1.00000     -0.25461     -0.25461      1.00000
        217     -0.25314     -0.25314      1.00000     -0.25427     -0.25427      1.00000
        218     -0.24651     -0.24651      1.00000     -0.25305     -0.25305      1.00000
        219     -0.24622     -0.24622      1.00000     -0.24609     -0.24609      1.00000
        220     -0.24580     -0.24580      1.00000     -0.24591     -0.24591      1.00000
        221     -0.20097     -0.20097      1.00000     -0.24588     -0.24588      1.00000
        222     -0.17663     -0.17663      1.00000     -0.22632     -0.22632      1.00000
        223     -0.16553     -0.16553      1.00000     -0.21395     -0.21395      1.00000
        224     -0.16470     -0.16470      1.00000     -0.20244     -0.20244      1.00000
        225     -0.15350     -0.15350      0.00000     -0.16620     -0.16620      1.00000
        226     -0.14937     -0.14937      0.00000     -0.16501     -0.16501      1.00000
        227     -0.13726     -0.13726      0.00000     -0.15179     -0.15179      0.00000
        228     -0.13457     -0.13457      0.00000     -0.13983     -0.13983      0.00000
        229     -0.09414     -0.09414      0.00000     -0.10255     -0.10255      0.00000
        230     -0.09147     -0.09147      0.00000     -0.10225     -0.10225      0.00000
        231     -0.08991     -0.08991      0.00000     -0.09039     -0.09039      0.00000
        232     -0.08199     -0.08199      0.00000     -0.08548     -0.08548      0.00000
        233     -0.07630     -0.07630      0.00000     -0.08414     -0.08414      0.00000
        234     -0.07449     -0.07449      0.00000     -0.07656     -0.07656      0.00000
        235     -0.06939     -0.06939      0.00000     -0.07643     -0.07643      0.00000
        236     -0.06722     -0.06722      0.00000     -0.07015     -0.07015      0.00000
        237     -0.06640     -0.06640      0.00000     -0.06725     -0.06725      0.00000
        238     -0.06510     -0.06510      0.00000     -0.06647     -0.06647      0.00000
        239     -0.06509     -0.06509      0.00000     -0.06504     -0.06504      0.00000
        240     -0.06356     -0.06356      0.00000     -0.06388     -0.06388      0.00000
        241     -0.06259     -0.06259      0.00000     -0.06268     -0.06268      0.00000
        242     -0.06075     -0.06075      0.00000     -0.06257     -0.06257      0.00000
        243     -0.04702     -0.04702      0.00000     -0.06156     -0.06156      0.00000
        244     -0.02667     -0.02667      0.00000     -0.02822     -0.02822      0.00000
        245     -0.01087     -0.01087      0.00000     -0.01312     -0.01312      0.00000
        246      0.00322      0.00322      0.00000      0.00309      0.00309      0.00000
        247      0.01666      0.01666      0.00000      0.01610      0.01610      0.00000
        248      0.02010      0.02010      0.00000      0.01861      0.01861      0.00000
        249      0.02062      0.02062      0.00000      0.02274      0.02274      0.00000
        250      0.02317      0.02317      0.00000      0.02280      0.02280      0.00000
        251      0.02922      0.02922      0.00000      0.02928      0.02928      0.00000
        252      0.03412      0.03412      0.00000      0.03421      0.03421      0.00000
        253      0.03527      0.03527      0.00000      0.03531      0.03531      0.00000
        254      0.03799      0.03799      0.00000      0.03807      0.03807      0.00000
        255      0.03806      0.03806      0.00000      0.03819      0.03819      0.00000
        256      0.04692      0.04692      0.00000      0.04809      0.04809      0.00000
        257      0.05374      0.05374      0.00000      0.05346      0.05346      0.00000
        258      0.06185      0.06185      0.00000      0.06161      0.06161      0.00000
        259      0.07027      0.07027      0.00000      0.06953      0.06953      0.00000
        260      0.07101      0.07101      0.00000      0.07006      0.07006      0.00000
        261      0.07214      0.07214      0.00000      0.07352      0.07352      0.00000
        262      0.07403      0.07403      0.00000      0.07519      0.07519      0.00000
        263      0.07729      0.07729      0.00000      0.07672      0.07672      0.00000
        264      0.08464      0.08464      0.00000      0.08374      0.08374      0.00000
        265      0.09237      0.09237      0.00000      0.09044      0.09044      0.00000
        266      0.10075      0.10075      0.00000      0.10058      0.10058      0.00000
        267      0.10647      0.10647      0.00000      0.10660      0.10660      0.00000
        268      0.10878      0.10878      0.00000      0.10764      0.10764      0.00000
        269      0.10995      0.10995      0.00000      0.10977      0.10977      0.00000
        270      0.11008      0.11008      0.00000      0.11034      0.11034      0.00000
        271      0.11225      0.11225      0.00000      0.11236      0.11236      0.00000
        272      0.11263      0.11263      0.00000      0.11261      0.11261      0.00000
        273      0.11309      0.11309      0.00000      0.11318      0.11318      0.00000
        274      0.11573      0.11573      0.00000      0.11575      0.11575      0.00000
        275      0.11627      0.11627      0.00000      0.11582      0.11582      0.00000
        276      0.11710      0.11710      0.00000      0.11725      0.11725      0.00000
        277      0.11753      0.11753      0.00000      0.11730      0.11730      0.00000
        278      0.11948      0.11948      0.00000      0.11972      0.11972      0.00000
        279      0.12028      0.12028      0.00000      0.12046      0.12046      0.00000
        280      0.12550      0.12550      0.00000      0.12506      0.12506      0.00000
        281      0.12793      0.12793      0.00000      0.12792      0.12792      0.00000
        282      0.13264      0.13264      0.00000      0.13242      0.13242      0.00000
        283      0.13389      0.13389      0.00000      0.13352      0.13352      0.00000
        284      0.13802      0.13802      0.00000      0.13844      0.13844      0.00000
        285      0.14108      0.14108      0.00000      0.13899      0.13899      0.00000
        286      0.14320      0.14320      0.00000      0.14260      0.14260      0.00000
        287      0.14433      0.14433      0.00000      0.14296      0.14296      0.00000
        288      0.14460      0.14460      0.00000      0.14473      0.14473      0.00000
        289      0.14596      0.14596      0.00000      0.14554      0.14554      0.00000
        290      0.14998      0.14998      0.00000      0.14994      0.14994      0.00000
        291      0.15058      0.15058      0.00000      0.15054      0.15054      0.00000
        292      0.15304      0.15304      0.00000      0.15266      0.15266      0.00000
        293      0.15345      0.15345      0.00000      0.15394      0.15394      0.00000
        294      0.15726      0.15726      0.00000      0.15698      0.15698      0.00000
        295      0.15771      0.15771      0.00000      0.15771      0.15771      0.00000
        296      0.16007      0.16007      0.00000      0.15993      0.15993      0.00000
        297      0.16370      0.16370      0.00000      0.16341      0.16341      0.00000
        298      0.16982      0.16982      0.00000      0.16697      0.16697      0.00000
        299      0.17058      0.17058      0.00000      0.17080      0.17080      0.00000
        300      0.17351      0.17351      0.00000      0.17333      0.17333      0.00000
        301      0.17765      0.17765      0.00000      0.17629      0.17629      0.00000
        302      0.18402      0.18402      0.00000      0.18437      0.18437      0.00000
        303      0.18520      0.18520      0.00000      0.18596      0.18596      0.00000
        304      0.18979      0.18979      0.00000      0.19010      0.19010      0.00000
        305      0.18987      0.18987      0.00000      0.19036      0.19036      0.00000
        306      0.19463      0.19463      0.00000      0.19381      0.19381      0.00000
        307      0.19670      0.19670      0.00000      0.19668      0.19668      0.00000
        308      0.19733      0.19733      0.00000      0.19718      0.19718      0.00000
        309      0.19754      0.19754      0.00000      0.19745      0.19745      0.00000
        310      0.19766      0.19766      0.00000      0.19798      0.19798      0.00000
        311      0.19919      0.19919      0.00000      0.19866      0.19866      0.00000
        312      0.20053      0.20053      0.00000      0.20017      0.20017      0.00000
        313      0.20100      0.20100      0.00000      0.20059      0.20059      0.00000
        314      0.20677      0.20677      0.00000      0.20687      0.20687      0.00000
        315      0.20769      0.20769      0.00000      0.20754      0.20754      0.00000
        316      0.20945      0.20945      0.00000      0.20858      0.20858      0.00000
        317      0.21013      0.21013      0.00000      0.20967      0.20967      0.00000
        318      0.21561      0.21561      0.00000      0.21520      0.21520      0.00000
        319      0.21671      0.21671      0.00000      0.21667      0.21667      0.00000
        320      0.21744      0.21744      0.00000      0.21770      0.21770      0.00000
        321      0.22165      0.22165      0.00000      0.22150      0.22150      0.00000
        322      0.22199      0.22199      0.00000      0.22188      0.22188      0.00000
        323      0.22511      0.22511      0.00000      0.22528      0.22528      0.00000
        324      0.22606      0.22606      0.00000      0.22581      0.22581      0.00000
        325      0.22723      0.22723      0.00000      0.22736      0.22736      0.00000
        326      0.22819      0.22819      0.00000      0.22804      0.22804      0.00000
        327      0.23201      0.23201      0.00000      0.23124      0.23124      0.00000
        328      0.23248      0.23248      0.00000      0.23251      0.23251      0.00000
        329      0.23278      0.23278      0.00000      0.23290      0.23290      0.00000
        330      0.23601      0.23601      0.00000      0.23363      0.23363      0.00000
        331      0.23718      0.23718      0.00000      0.23644      0.23644      0.00000
        332      0.23721      0.23721      0.00000      0.23722      0.23722      0.00000
        333      0.23824      0.23824      0.00000      0.23796      0.23796      0.00000
        334      0.24004      0.24004      0.00000      0.23942      0.23942      0.00000
        335      0.24216      0.24216      0.00000      0.24170      0.24170      0.00000
        336      0.24232      0.24232      0.00000      0.24268      0.24268      0.00000
        337      0.24289      0.24289      0.00000      0.24294      0.24294      0.00000
        338      0.24588      0.24588      0.00000      0.24502      0.24502      0.00000
        339      0.24955      0.24955      0.00000      0.24915      0.24915      0.00000
        340      0.25011      0.25011      0.00000      0.24975      0.24975      0.00000
        341      0.25098      0.25098      0.00000      0.25029      0.25029      0.00000
        342      0.25110      0.25110      0.00000      0.25067      0.25067      0.00000
        343      0.25450      0.25450      0.00000      0.25491      0.25491      0.00000
        344      0.25739      0.25739      0.00000      0.25739      0.25739      0.00000
        345      0.26074      0.26074      0.00000      0.26082      0.26082      0.00000
        346      0.26087      0.26087      0.00000      0.26086      0.26086      0.00000
        347      0.26377      0.26377      0.00000      0.26382      0.26382      0.00000
        348      0.26407      0.26407      0.00000      0.26391      0.26391      0.00000
        349      0.26487      0.26487      0.00000      0.26498      0.26498      0.00000
        350      0.26819      0.26819      0.00000      0.26817      0.26817      0.00000
        351      0.26891      0.26891      0.00000      0.26892      0.26892      0.00000
        352      0.26905      0.26905      0.00000      0.26924      0.26924      0.00000
        353      0.26941      0.26941      0.00000      0.26968      0.26968      0.00000
        354      0.27026      0.27026      0.00000      0.27047      0.27047      0.00000
        355      0.27381      0.27381      0.00000      0.27333      0.27333      0.00000
        356      0.27705      0.27705      0.00000      0.27728      0.27728      0.00000
        357      0.28863      0.28863      0.00000      0.28879      0.28879      0.00000
        358      0.29328      0.29328      0.00000      0.29027      0.29027      0.00000
        359      0.29776      0.29776      0.00000      0.29679      0.29679      0.00000
        360      0.30518      0.30518      0.00000      0.30515      0.30515      0.00000
        361      0.30670      0.30670      0.00000      0.30532      0.30532      0.00000
        362      0.30820      0.30820      0.00000      0.30822      0.30822      0.00000
        363      0.31940      0.31940      0.00000      0.31726      0.31726      0.00000
        364      0.32022      0.32022      0.00000      0.32066      0.32066      0.00000
        365      0.33418      0.33418      0.00000      0.33349      0.33349      0.00000
        366      0.33705      0.33705      0.00000      0.33432      0.33432      0.00000
        367      0.33863      0.33863      0.00000      0.33783      0.33783      0.00000
        368      0.34255      0.34255      0.00000      0.34260      0.34260      0.00000
        369      0.34820      0.34820      0.00000      0.34819      0.34819      0.00000
        370      0.35186      0.35186      0.00000      0.35204      0.35204      0.00000
        371      0.35251      0.35251      0.00000      0.35245      0.35245      0.00000
        372      0.35273      0.35273      0.00000      0.35249      0.35249      0.00000
        373      0.35275      0.35275      0.00000      0.35256      0.35256      0.00000
        374      0.35431      0.35431      0.00000      0.35462      0.35462      0.00000
        375      0.35447      0.35447      0.00000      0.35462      0.35462      0.00000
        376      0.35656      0.35656      0.00000      0.35664      0.35664      0.00000
        377      0.35755      0.35755      0.00000      0.35742      0.35742      0.00000
        378      0.35763      0.35763      0.00000      0.35799      0.35799      0.00000
        379      0.35868      0.35868      0.00000      0.35829      0.35829      0.00000
        380      0.35878      0.35878      0.00000      0.35873      0.35873      0.00000
        381      0.36272      0.36272      0.00000      0.36257      0.36257      0.00000
        382      0.36399      0.36399      0.00000      0.36287      0.36287      0.00000
        383      0.36458      0.36458      0.00000      0.36369      0.36369      0.00000
        384      0.36510      0.36510      0.00000      0.36524      0.36524      0.00000
        385      0.36847      0.36847      0.00000      0.36654      0.36654      0.00000
        386      0.36987      0.36987      0.00000      0.36942      0.36942      0.00000
        387      0.37053      0.37053      0.00000      0.37005      0.37005      0.00000
        388      0.37385      0.37385      0.00000      0.37344      0.37344      0.00000
        389      0.38111      0.38111      0.00000      0.38114      0.38114      0.00000
        390      0.38408      0.38408      0.00000      0.38371      0.38371      0.00000
        391      0.38465      0.38465      0.00000      0.38440      0.38440      0.00000
        392      0.38769      0.38769      0.00000      0.38791      0.38791      0.00000
        393      0.38826      0.38826      0.00000      0.38818      0.38818      0.00000
        394      0.38840      0.38840      0.00000      0.38854      0.38854      0.00000
        395      0.38925      0.38925      0.00000      0.38920      0.38920      0.00000
        396      0.39026      0.39026      0.00000      0.38964      0.38964      0.00000
        397      0.39029      0.39029      0.00000      0.39052      0.39052      0.00000
        398      0.39085      0.39085      0.00000      0.39071      0.39071      0.00000
        399      0.39371      0.39371      0.00000      0.39353      0.39353      0.00000
        400      0.39709      0.39709      0.00000      0.39721      0.39721      0.00000
        401      0.40535      0.40535      0.00000      0.40464      0.40464      0.00000
        402      0.40565      0.40565      0.00000      0.40498      0.40498      0.00000
        403      0.40835      0.40835      0.00000      0.40793      0.40793      0.00000
        404      0.41153      0.41153      0.00000      0.41110      0.41110      0.00000
        405      0.41836      0.41836      0.00000      0.41756      0.41756      0.00000
        406      0.42413      0.42413      0.00000      0.42416      0.42416      0.00000
        407      0.42609      0.42609      0.00000      0.42532      0.42532      0.00000
        408      0.43072      0.43072      0.00000      0.43049      0.43049      0.00000
        409      0.43578      0.43578      0.00000      0.43572      0.43572      0.00000
        410      0.43591      0.43591      0.00000      0.43595      0.43595      0.00000
        411      0.44233      0.44233      0.00000      0.44196      0.44196      0.00000
        412      0.44335      0.44335      0.00000      0.44272      0.44272      0.00000
        413      0.44633      0.44633      0.00000      0.44641      0.44641      0.00000
        414      0.44778      0.44778      0.00000      0.44805      0.44805      0.00000
        415      0.45069      0.45069      0.00000      0.44972      0.44972      0.00000
        416      0.46270      0.46270      0.00000      0.46220      0.46220      0.00000
        417      0.46298      0.46298      0.00000      0.46302      0.46302      0.00000
        418      0.46557      0.46557      0.00000      0.46559      0.46559      0.00000
        419      0.47041      0.47041      0.00000      0.47016      0.47016      0.00000
        420      0.47670      0.47670      0.00000      0.47646      0.47646      0.00000
        421      0.47789      0.47789      0.00000      0.47764      0.47764      0.00000
        422      0.47916      0.47916      0.00000      0.47884      0.47884      0.00000
        423      0.48278      0.48278      0.00000      0.48269      0.48269      0.00000
        424      0.49102      0.49102      0.00000      0.48835      0.48835      0.00000
        425      0.50435      0.50435      0.00000      0.49498      0.49498      0.00000
        426      0.50535      0.50535      0.00000      0.50522      0.50522      0.00000
        427      0.51105      0.51105      0.00000      0.51016      0.51016      0.00000
        428      0.51303      0.51303      0.00000      0.51108      0.51108      0.00000
        429      0.52543      0.52543      0.00000      0.52373      0.52373      0.00000
        430      0.53114      0.53114      0.00000      0.53128      0.53128      0.00000
        431      0.53531      0.53531      0.00000      0.53481      0.53481      0.00000
        432      0.53814      0.53814      0.00000      0.53714      0.53714      0.00000
        433      0.54820      0.54820      0.00000      0.54793      0.54793      0.00000
        434      0.54915      0.54915      0.00000      0.54915      0.54915      0.00000
        435      0.55050      0.55050      0.00000      0.54960      0.54960      0.00000
        436      0.55332      0.55332      0.00000      0.55329      0.55329      0.00000
        437      0.55365      0.55365      0.00000      0.55334      0.55334      0.00000
        438      0.55490      0.55490      0.00000      0.55349      0.55349      0.00000
        439      0.55867      0.55867      0.00000      0.55812      0.55812      0.00000
        440      0.56315      0.56315      0.00000      0.55860      0.55860      0.00000
        441      0.56384      0.56384      0.00000      0.56095      0.56095      0.00000
        442      0.57138      0.57138      0.00000      0.56786      0.56786      0.00000
        443      0.57238      0.57238      0.00000      0.57123      0.57123      0.00000
        444      0.57525      0.57525      0.00000      0.57531      0.57531      0.00000
        445      0.57808      0.57808      0.00000      0.57595      0.57595      0.00000
        446      0.58508      0.58508      0.00000      0.58401      0.58401      0.00000
        447      0.58984      0.58984      0.00000      0.58962      0.58962      0.00000
        448      0.59043      0.59043      0.00000      0.59026      0.59026      0.00000
        449      0.59513      0.59513      0.00000      0.59529      0.59529      0.00000
        450      0.60052      0.60052      0.00000      0.59971      0.59971      0.00000
        451      0.60340      0.60340      0.00000      0.60290      0.60290      0.00000
        452      0.60493      0.60493      0.00000      0.60496      0.60496      0.00000
        453      0.60503      0.60503      0.00000      0.60551      0.60551      0.00000
        454      0.60737      0.60737      0.00000      0.60618      0.60618      0.00000
        455      0.60761      0.60761      0.00000      0.60644      0.60644      0.00000
        456      0.60863      0.60863      0.00000      0.60845      0.60845      0.00000
        457      0.61204      0.61204      0.00000      0.60960      0.60960      0.00000
        458      0.61308      0.61308      0.00000      0.61210      0.61210      0.00000
        459      0.61518      0.61518      0.00000      0.61534      0.61534      0.00000
        460      0.61647      0.61647      0.00000      0.61697      0.61697      0.00000
        461      0.61841      0.61841      0.00000      0.61834      0.61834      0.00000
        462      0.61977      0.61977      0.00000      0.61998      0.61998      0.00000
        463      0.62689      0.62689      0.00000      0.62720      0.62720      0.00000
        464      0.64594      0.64594      0.00000      0.64608      0.64608      0.00000
        465      0.65242      0.65242      0.00000      0.65213      0.65213      0.00000
        466      0.65659      0.65659      0.00000      0.65546      0.65546      0.00000
        467      0.65884      0.65884      0.00000      0.65793      0.65793      0.00000
        468      0.66211      0.66211      0.00000      0.66110      0.66110      0.00000
        469      0.66231      0.66231      0.00000      0.66142      0.66142      0.00000
        470      0.67486      0.67486      0.00000      0.67505      0.67505      0.00000
        471      0.67596      0.67596      0.00000      0.67536      0.67536      0.00000
        472      0.67701      0.67701      0.00000      0.67580      0.67580      0.00000
        473      0.68118      0.68118      0.00000      0.68070      0.68070      0.00000
        474      0.68140      0.68140      0.00000      0.68138      0.68138      0.00000
        475      0.68349      0.68349      0.00000      0.68355      0.68355      0.00000
        476      0.68450      0.68450      0.00000      0.68459      0.68459      0.00000
        477      0.68661      0.68661      0.00000      0.68644      0.68644      0.00000
        478      0.68689      0.68689      0.00000      0.68695      0.68695      0.00000
        479      0.69052      0.69052      0.00000      0.69063      0.69063      0.00000
        480      0.69219      0.69219      0.00000      0.69247      0.69247      0.00000
        481      0.69314      0.69314      0.00000      0.69310      0.69310      0.00000
        482      0.69711      0.69711      0.00000      0.69706      0.69706      0.00000
        483      0.69743      0.69743      0.00000      0.69709      0.69709      0.00000
        484      0.69764      0.69764      0.00000      0.69753      0.69753      0.00000
        485      0.69775      0.69775      0.00000      0.69759      0.69759      0.00000
        486      0.70167      0.70167      0.00000      0.70170      0.70170      0.00000
        487      0.70319      0.70319      0.00000      0.70330      0.70330      0.00000
        488      0.70394      0.70394      0.00000      0.70410      0.70410      0.00000
        489      0.70532      0.70532      0.00000      0.70440      0.70440      0.00000
        490      0.70564      0.70564      0.00000      0.70561      0.70561      0.00000
        491      0.70730      0.70730      0.00000      0.70700      0.70700      0.00000
        492      0.71451      0.71451      0.00000      0.71456      0.71456      0.00000
        493      0.72421      0.72421      0.00000      0.72248      0.72248      0.00000
        494      0.72829      0.72829      0.00000      0.72744      0.72744      0.00000
        495      0.73729      0.73729      0.00000      0.73550      0.73550      0.00000
        496      0.73951      0.73951      0.00000      0.73959      0.73959      0.00000
        497      0.74445      0.74445      0.00000      0.74432      0.74432      0.00000
        498      0.74856      0.74856      0.00000      0.74774      0.74774      0.00000
        499      0.76156      0.76156      0.00000      0.75989      0.75989      0.00000
        500      0.76182      0.76182      0.00000      0.76192      0.76192      0.00000
        501      0.76806      0.76806      0.00000      0.76864      0.76864      0.00000
        502      0.77495      0.77495      0.00000      0.77495      0.77495      0.00000
        503      0.78673      0.78673      0.00000      0.78667      0.78667      0.00000
        504      0.79098      0.79098      0.00000      0.78975      0.78975      0.00000
        505      0.79292      0.79292      0.00000      0.79328      0.79328      0.00000
        506      0.79564      0.79564      0.00000      0.79588      0.79588      0.00000
        507      0.79775      0.79775      0.00000      0.79757      0.79757      0.00000
        508      0.80124      0.80124      0.00000      0.80153      0.80153      0.00000
        509      0.80179      0.80179      0.00000      0.80189      0.80189      0.00000
        510      0.80202      0.80202      0.00000      0.80220      0.80220      0.00000
        511      0.80819      0.80819      0.00000      0.80608      0.80608      0.00000
        512      0.80830      0.80830      0.00000      0.80834      0.80834      0.00000
        513      0.82472      0.82472      0.00000      0.82387      0.82387      0.00000
        514      0.82751      0.82751      0.00000      0.82452      0.82452      0.00000
        515      0.83236      0.83236      0.00000      0.82948      0.82948      0.00000
 ========================================================================================

----------------------------------------
Band gap information
----------------------------------------
Number of valence electrons                   450
Valence band index                            224
Valence band spin index                         1
Conduction band index                         225
Conduction band spin index                      1
Top of valence band (a.u.)                 -0.165
Bottom of conduction band (a.u.)           -0.153
Band gap (a.u.)                             0.011
Band gap (eV)                               0.305
Band gap (kcal/mol)                         7.032
 



 =============================================
 I N T E R N A L    A T O M    O R D E R I N G
 =============================================
  
   --------------------------------------------------------------------------------
         type         q       set      indx   (input)         x         y         z
   --------------------------------------------------------------------------------
            1         6         1         1         1      11.5      -0.1      -0.0
            1         6         2         2         2      11.6      -2.8      -0.0
            1         6         3         3         3     -11.6       0.0      -0.0
            1         6         4         4         4     -11.6      -2.6      -0.0
            1         6         5         5         5      -9.3       4.1      -0.1
            1         6         6         6         6      -9.3       1.4      -0.1
            1         6         7         7         7      -7.0       8.1      -0.1
            1         6         8         8         8      -7.0       5.4      -0.1
            1         6         9         9         9      -4.7      12.1      -0.1
            1         6        10        10        10      -4.7       9.4      -0.1
            1         6        11        11        11      11.7      -8.1      -0.1
            1         6        12        12        12      -2.3      13.5      -0.1
            1         6        13        13        13     -13.9      -4.0      -0.0
            1         6        14        14        14     -13.8      -6.7      -0.0
            1         6        15        15        15      -9.2      -4.0      -0.0
            1         6        16        16        16      -9.2      -6.7      -0.0
            1         6        17        17        17      -7.0       0.1      -0.1
            1         6        18        18        18      -6.9      -2.6      -0.0
            1         6        19        19        19      -4.7       4.1      -0.1
            1         6        20        20        20      -4.7       1.5      -0.1
            1         6        21        21        21      -2.4       8.1      -0.1
            1         6        22        22        22      -2.4       5.5      -0.1
            1         6        23        23        23      -0.0      12.1      -0.1
            1         6        24        24        24      -0.0       9.5      -0.1
            1         6        25        25        25     -11.5      -8.0      -0.0
            1         6        26        26        26       2.3      13.5      -0.1
            1         6        27        27        27      -6.8      -8.0      -0.0
            1         6        28        28        28      -6.8     -10.7      -0.0
            1         6        29        29        29      -4.5      -3.9       0.0
            1         6        30        30        30      -4.4      -6.6       0.0
            1         6        31        31        31      -2.4       0.1      -0.0
            1         6        32        32        33      -0.1       4.1      -0.1
            1         6        33        33        34      -0.1       1.5      -0.0
            1         6        34        34        35       2.3       8.1      -0.1
            1         6        35        35        36       2.3       5.4      -0.1
            1         6        36        36        37       4.6      12.1      -0.0
            1         6        37        37        38       4.6       9.4      -0.0
            1         6        38        38        39      -4.5     -12.1      -0.0
            1         6        39        39        40       9.2       9.4      -0.0
            1         6        40        40        41      -2.1      -8.0       0.0
            1         6        41        41        42      -2.2     -10.7      -0.0
            1         6        42        42        43       9.2      -4.1      -0.0
            1         6        43        43        46       9.3      -6.8      -0.1
            1         6        44        44        47       4.5       4.0      -0.0
            1         6        45        45        48       4.5       1.3       0.0
            1         6        46        46        49       6.9       8.0      -0.0
            1         6        47        47        50       6.9       5.3      -0.0
            1         6        48        48        51      11.5       8.0      -0.0
            1         6        49        49        52      11.5       5.3      -0.0
            1         6        50        50        53       0.1     -12.2      -0.1
            1         6        51        51        54       0.1     -14.8      -0.1
            1         6        52        52        55       2.4      -8.2      -0.0
            1         6        53        53        56       2.4     -10.9      -0.1
            1         6        54        54        58       4.8      -6.9      -0.0
            1         6        55        55        59       6.8      -0.1       0.0
            1         6        56        56        60       6.8      -2.9       0.0
            1         6        57        57        61       9.2       3.9      -0.0
            1         6        58        58        62       9.1       1.2      -0.0
            1         6        59        59        63      13.8       3.9      -0.1
            1         6        60        60        64      13.8       1.3      -0.0
            1         6        61        61        65     -11.7       8.1      -0.1
            1         6        62        62        66     -11.7       5.4      -0.1
            1         6        63        63        67       4.7     -12.2      -0.1
            1         6        64        64        68      -9.3       9.4      -0.1
            1         6        65        65        69       7.0      -8.2      -0.1
            1         6        66        66        70       7.0     -10.9      -0.1
            2         7        67        67        32      -2.3      -2.5       0.0
            2         7        68        68        44       0.2      -6.8       0.0
            2         7        69        69        45       2.1       0.1       0.0
            2         7        70        70        57       4.7      -4.3       0.0
            3        25        71        71        71       1.2      -3.4       0.3
            4         1        72        72        72       1.2      -3.4       3.2
   --------------------------------------------------------------------------------



 =============================
 E N E R G Y   A N A L Y S I S
 =============================
  
 Formation energy w.r.t. spherically-symmetric spin-restricted atoms

                                                             (a.u.)            (eV)     (kCal/mol)
 --------------------------------------------------------------------------------------------------

 Kinetic                                                      22.25650943     605.6304    13966.17
 XC                                                          -23.25151424    -632.7059   -14590.55
 Electrostatic                                               -27.27070642    -742.0737   -17112.63
 V(atomic)*def                                                 2.75399500      74.9400     1728.16
 V(def)*def                                                    1.64512905      44.7662     1032.33
 Dispersion                                                   -0.22897712      -6.2308     -143.69
 --------------------------------------------------------------------------------------------------

 Relax energy    LDA                                          -0.10799354      -2.9387      -67.77
    + Becke88                                                 -0.10524983      -2.8640      -66.05
    + Becke88+Perdew86                                        -0.10068473      -2.7398      -63.18
    + Perdew-Wang (91) X                                      -0.10526134      -2.8643      -66.05
    + Perdew-Wang (91) X+C                                    -0.09969370      -2.7128      -62.56
    + EV93x+PW91c                                             -0.09627744      -2.6198      -60.42
    + PW86x+Perdew86c                                         -0.10186969      -2.7720      -63.92
    + Becke88+LYP                                             -0.12068988      -3.2841      -75.73
    + Becke (alt)                                             -0.10524983      -2.8640      -66.05
    + PBE                                                     -0.09939895      -2.7048      -62.37
    + RPBE                                                    -0.09851974      -2.6809      -61.82
 kinetic part of relaxation                                     -0.419763     -11.4223     -263.41
 coulomb part of relaxation                                      0.218954       5.9580      137.40
 kinetic part of formation                                      22.256509     605.6304    13966.17
 coulomb part of formation                                     -22.871582    -622.3674   -14352.14
 final Relax enerLDA                                          -0.10799354      -2.9387      -67.77
    + Becke88                                                 -0.10524983      -2.8640      -66.05
    + Becke88+Perdew86                                        -0.10068473      -2.7398      -63.18
    + Perdew-Wang (91) X                                      -0.10526134      -2.8643      -66.05
    + Perdew-Wang (91) X+C                                    -0.09969370      -2.7128      -62.56
    + EV93x+PW91c                                             -0.09627744      -2.6198      -60.42
    + PW86x+Perdew86c                                         -0.10186969      -2.7720      -63.92
    + Becke88+LYP                                             -0.12068988      -3.2841      -75.73
    + Becke (alt)                                             -0.10524983      -2.8640      -66.05
    + PBE                                                     -0.09939895      -2.7048      -62.37
    + RPBE                                                    -0.09851974      -2.6809      -61.82
 Final bond energy (PBE)                                     -24.09556430    -655.6737   -15120.20
 
 Fit error correction used (Vdef*err)                         -0.00074419      -0.0203       -0.47

 ==================================================================================================

 =====================================================================
   P E D A   E n e r g y   T e r m s
  -------------------------------------------------------------------
                      au           eV     kcal/mol       kJ/mol
  -------------------------------------------------------------------

 Main bond energy terms
   E_Pauli  |    0.09511        2.588        59.68        249.7
   E_disp   |    0.00173        0.047         1.08          4.5
   E_elstat |   -0.07078       -1.926       -44.42       -185.8
   E_orb    |   -0.09940       -2.705       -62.37       -261.0
            |  ---------    ---------    ---------    ---------
   E_int    |   -0.07335       -1.996       -46.03       -192.6

 Steric interaction
   T^0      |    0.35150        9.565       220.57        922.9
   Elst^0   |   -0.25848       -7.033      -162.20       -678.6
   XC^0     |   -0.06871       -1.870       -43.11       -180.4
            |  ---------    ---------    ---------    ---------
   E^0      |    0.02432        0.662        15.26         63.9

 Orbital interaction
   T_orb    |   -0.41976      -11.422      -263.41      -1102.1
   Elst_orb |    0.21895        5.958       137.40        574.9
   XC_orb   |    0.10141        2.760        63.64        266.3
            |  ---------    ---------    ---------    ---------
   E_orb    |   -0.09940       -2.705       -62.37       -261.0
  -------------------------------------------------------------------
  (N.B.: E_int is the bond energy with respect to the fragments)
See for more detail JCP, vol 142 page 194105 from 2015
 =====================================================================



 ==========================
 D I P O L E    M O M E N T
 ==========================
  
   ==================================================
    direction       dipole (a.u.)      dipole (Debye)
   ==================================================
            z           -0.182613           -0.464156
   ==================================================
 Form Factors not computed: only 1 k-point.
   noper                                        1
   nfunc                                     1378
   nprocsThisNode                              24
   nfuncThisProcess                             8
   safeMaxFuncSliceSize                        57
   requestedMaxFuncSliceSize                  128
   actual maxFuncSliceSize                      8
   numSlices                                    1
   nEnergies                                  307
       Nr. of bands used for DOS:    448
   nband_dosplot                              448
   bandSliceSize                               32
   num band slices                             14



 =======================================
 M U L L I K E N   P O P U L A T I O N S
 =======================================
  

 BASISFUNCTION         Q
 --------------------------------
 1/C/NO/1s                   0.995   0.995
 1/C/NO/2s                   0.346   0.348
 1/C/NO/2p_y                 0.677   0.676
 1/C/NO/2p_z                 0.599   0.613
 1/C/NO/2p_x                 0.680   0.681
 1/C/STO7.68/1s              0.002   0.002
 1/C/STO2.1/2s               0.225   0.224
 1/C/STO4.6/2s              -0.015  -0.015
 1/C/STO0.82/2p_y           -0.198  -0.196
 1/C/STO0.82/2p_z           -0.101  -0.100
 1/C/STO0.82/2p_x           -0.207  -0.207
 1/C/STO2.94/2p_y           -0.018  -0.018
 1/C/STO2.94/2p_z           -0.013  -0.013
 1/C/STO2.94/2p_x           -0.020  -0.020
 1/C/STO2.2/3d_xy            0.012   0.012
 1/C/STO2.2/3d_yz            0.006   0.007
 1/C/STO2.2/3d_z2            0.002   0.002
 1/C/STO2.2/3d_xz            0.006   0.006
 1/C/STO2.2/3d_x2-y2         0.012   0.012
                    -------------
 Charge on atom              2.992   3.011
 
 2/C/NO/1s                   0.995   0.995
 2/C/NO/2s                   0.344   0.345
 2/C/NO/2p_y                 0.679   0.678
 2/C/NO/2p_z                 0.603   0.610
 2/C/NO/2p_x                 0.679   0.679
 2/C/STO7.68/1s              0.002   0.002
 2/C/STO2.1/2s               0.226   0.226
 2/C/STO4.6/2s              -0.015  -0.015
 2/C/STO0.82/2p_y           -0.199  -0.197
 2/C/STO0.82/2p_z           -0.101  -0.101
 2/C/STO0.82/2p_x           -0.207  -0.207
 2/C/STO2.94/2p_y           -0.019  -0.018
 2/C/STO2.94/2p_z           -0.013  -0.013
 2/C/STO2.94/2p_x           -0.020  -0.020
 2/C/STO2.2/3d_xy            0.012   0.012
 2/C/STO2.2/3d_yz            0.006   0.007
 2/C/STO2.2/3d_z2            0.002   0.002
 2/C/STO2.2/3d_xz            0.006   0.006
 2/C/STO2.2/3d_x2-y2         0.012   0.012
                    -------------
 Charge on atom              2.995   3.004
 
 3/C/NO/1s                   0.995   0.995
 3/C/NO/2s                   0.342   0.344
 3/C/NO/2p_y                 0.679   0.680
 3/C/NO/2p_z                 0.596   0.609
 3/C/NO/2p_x                 0.681   0.680
 3/C/STO7.68/1s              0.002   0.002
 3/C/STO2.1/2s               0.228   0.227
 3/C/STO4.6/2s              -0.015  -0.015
 3/C/STO0.82/2p_y           -0.202  -0.201
 3/C/STO0.82/2p_z           -0.100  -0.100
 3/C/STO0.82/2p_x           -0.202  -0.201
 3/C/STO2.94/2p_y           -0.019  -0.019
 3/C/STO2.94/2p_z           -0.013  -0.013
 3/C/STO2.94/2p_x           -0.019  -0.019
 3/C/STO2.2/3d_xy            0.012   0.012
 3/C/STO2.2/3d_yz            0.006   0.006
 3/C/STO2.2/3d_z2            0.002   0.002
 3/C/STO2.2/3d_xz            0.007   0.007
 3/C/STO2.2/3d_x2-y2         0.012   0.012
                    -------------
 Charge on atom              2.993   3.009
 
 4/C/NO/1s                   0.995   0.995
 4/C/NO/2s                   0.347   0.345
 4/C/NO/2p_y                 0.680   0.680
 4/C/NO/2p_z                 0.610   0.584
 4/C/NO/2p_x                 0.679   0.680
 4/C/STO7.68/1s              0.002   0.002
 4/C/STO2.1/2s               0.227   0.227
 4/C/STO4.6/2s              -0.015  -0.015
 4/C/STO0.82/2p_y           -0.197  -0.198
 4/C/STO0.82/2p_z           -0.102  -0.102
 4/C/STO0.82/2p_x           -0.202  -0.205
 4/C/STO2.94/2p_y           -0.019  -0.019
 4/C/STO2.94/2p_z           -0.013  -0.013
 4/C/STO2.94/2p_x           -0.019  -0.019
 4/C/STO2.2/3d_xy            0.012   0.012
 4/C/STO2.2/3d_yz            0.006   0.007
 4/C/STO2.2/3d_z2            0.002   0.003
 4/C/STO2.2/3d_xz            0.006   0.006
 4/C/STO2.2/3d_x2-y2         0.012   0.012
                    -------------
 Charge on atom              3.015   2.983
 
 5/C/NO/1s                   0.995   0.995
 5/C/NO/2s                   0.336   0.336
 5/C/NO/2p_y                 0.679   0.679
 5/C/NO/2p_z                 0.607   0.606
 5/C/NO/2p_x                 0.679   0.679
 5/C/STO7.68/1s              0.003   0.003
 5/C/STO2.1/2s               0.231   0.231
 5/C/STO4.6/2s              -0.015  -0.015
 5/C/STO0.82/2p_y           -0.200  -0.199
 5/C/STO0.82/2p_z           -0.100  -0.100
 5/C/STO0.82/2p_x           -0.199  -0.200
 5/C/STO2.94/2p_y           -0.019  -0.019
 5/C/STO2.94/2p_z           -0.013  -0.013
 5/C/STO2.94/2p_x           -0.019  -0.019
 5/C/STO2.2/3d_xy            0.012   0.012
 5/C/STO2.2/3d_yz            0.006   0.007
 5/C/STO2.2/3d_z2            0.002   0.002
 5/C/STO2.2/3d_xz            0.007   0.006
 5/C/STO2.2/3d_x2-y2         0.012   0.012
                    -------------
 Charge on atom              3.005   3.004
 
 6/C/NO/1s                   0.995   0.995
 6/C/NO/2s                   0.333   0.334
 6/C/NO/2p_y                 0.678   0.679
 6/C/NO/2p_z                 0.603   0.612
 6/C/NO/2p_x                 0.675   0.676
 6/C/STO7.68/1s              0.003   0.003
 6/C/STO2.1/2s               0.233   0.233
 6/C/STO4.6/2s              -0.015  -0.015
 6/C/STO0.82/2p_y           -0.198  -0.197
 6/C/STO0.82/2p_z           -0.102  -0.101
 6/C/STO0.82/2p_x           -0.198  -0.198
 6/C/STO2.94/2p_y           -0.018  -0.018
 6/C/STO2.94/2p_z           -0.013  -0.013
 6/C/STO2.94/2p_x           -0.018  -0.018
 6/C/STO2.2/3d_xy            0.012   0.012
 6/C/STO2.2/3d_yz            0.007   0.007
 6/C/STO2.2/3d_z2            0.003   0.002
 6/C/STO2.2/3d_xz            0.006   0.006
 6/C/STO2.2/3d_x2-y2         0.012   0.012
                    -------------
 Charge on atom              2.996   3.009
 
 7/C/NO/1s                   0.995   0.995
 7/C/NO/2s                   0.335   0.333
 7/C/NO/2p_y                 0.682   0.681
 7/C/NO/2p_z                 0.612   0.587
 7/C/NO/2p_x                 0.682   0.683
 7/C/STO7.68/1s              0.003   0.003
 7/C/STO2.1/2s               0.234   0.234
 7/C/STO4.6/2s              -0.016  -0.015
 7/C/STO0.82/2p_y           -0.198  -0.199
 7/C/STO0.82/2p_z           -0.102  -0.102
 7/C/STO0.82/2p_x           -0.200  -0.203
 7/C/STO2.94/2p_y           -0.019  -0.019
 7/C/STO2.94/2p_z           -0.013  -0.013
 7/C/STO2.94/2p_x           -0.019  -0.019
 7/C/STO2.2/3d_xy            0.012   0.012
 7/C/STO2.2/3d_yz            0.007   0.007
 7/C/STO2.2/3d_z2            0.002   0.003
 7/C/STO2.2/3d_xz            0.007   0.006
 7/C/STO2.2/3d_x2-y2         0.012   0.012
                    -------------
 Charge on atom              3.016   2.986
 
 8/C/NO/1s                   0.995   0.995
 8/C/NO/2s                   0.328   0.330
 8/C/NO/2p_y                 0.681   0.681
 8/C/NO/2p_z                 0.599   0.609
 8/C/NO/2p_x                 0.682   0.681
 8/C/STO7.68/1s              0.003   0.003
 8/C/STO2.1/2s               0.236   0.236
 8/C/STO4.6/2s              -0.016  -0.016
 8/C/STO0.82/2p_y           -0.201  -0.200
 8/C/STO0.82/2p_z           -0.102  -0.101
 8/C/STO0.82/2p_x           -0.202  -0.200
 8/C/STO2.94/2p_y           -0.019  -0.019
 8/C/STO2.94/2p_z           -0.013  -0.013
 8/C/STO2.94/2p_x           -0.019  -0.019
 8/C/STO2.2/3d_xy            0.012   0.012
 8/C/STO2.2/3d_yz            0.007   0.006
 8/C/STO2.2/3d_z2            0.003   0.002
 8/C/STO2.2/3d_xz            0.007   0.007
 8/C/STO2.2/3d_x2-y2         0.012   0.012
                    -------------
 Charge on atom              2.993   3.007
 
 9/C/NO/1s                   0.995   0.995
 9/C/NO/2s                   0.328   0.330
 9/C/NO/2p_y                 0.681   0.681
 9/C/NO/2p_z                 0.599   0.609
 9/C/NO/2p_x                 0.682   0.681
 9/C/STO7.68/1s              0.003   0.003
 9/C/STO2.1/2s               0.236   0.236
 9/C/STO4.6/2s              -0.016  -0.016
 9/C/STO0.82/2p_y           -0.201  -0.200
 9/C/STO0.82/2p_z           -0.102  -0.101
 9/C/STO0.82/2p_x           -0.202  -0.200
 9/C/STO2.94/2p_y           -0.019  -0.019
 9/C/STO2.94/2p_z           -0.013  -0.013
 9/C/STO2.94/2p_x           -0.019  -0.019
 9/C/STO2.2/3d_xy            0.012   0.012
 9/C/STO2.2/3d_yz            0.007   0.006
 9/C/STO2.2/3d_z2            0.003   0.002
 9/C/STO2.2/3d_xz            0.007   0.007
 9/C/STO2.2/3d_x2-y2         0.012   0.012
                    -------------
 Charge on atom              2.993   3.007
 
 10/C/NO/1s                  0.995   0.995
 10/C/NO/2s                  0.335   0.333
 10/C/NO/2p_y                0.682   0.681
 10/C/NO/2p_z                0.612   0.587
 10/C/NO/2p_x                0.682   0.683
 10/C/STO7.68/1s             0.003   0.003
 10/C/STO2.1/2s              0.234   0.234
 10/C/STO4.6/2s             -0.016  -0.015
 10/C/STO0.82/2p_y          -0.198  -0.199
 10/C/STO0.82/2p_z          -0.102  -0.102
 10/C/STO0.82/2p_x          -0.200  -0.203
 10/C/STO2.94/2p_y          -0.019  -0.019
 10/C/STO2.94/2p_z          -0.013  -0.013
 10/C/STO2.94/2p_x          -0.019  -0.019
 10/C/STO2.2/3d_xy           0.012   0.012
 10/C/STO2.2/3d_yz           0.007   0.007
 10/C/STO2.2/3d_z2           0.002   0.003
 10/C/STO2.2/3d_xz           0.007   0.006
 10/C/STO2.2/3d_x2-y2        0.012   0.012
                    -------------
 Charge on atom              3.016   2.986
 
 11/C/NO/1s                  0.995   0.995
 11/C/NO/2s                  0.333   0.334
 11/C/NO/2p_y                0.678   0.679
 11/C/NO/2p_z                0.603   0.612
 11/C/NO/2p_x                0.675   0.676
 11/C/STO7.68/1s             0.003   0.003
 11/C/STO2.1/2s              0.233   0.233
 11/C/STO4.6/2s             -0.015  -0.015
 11/C/STO0.82/2p_y          -0.198  -0.197
 11/C/STO0.82/2p_z          -0.102  -0.101
 11/C/STO0.82/2p_x          -0.198  -0.198
 11/C/STO2.94/2p_y          -0.018  -0.018
 11/C/STO2.94/2p_z          -0.013  -0.013
 11/C/STO2.94/2p_x          -0.018  -0.018
 11/C/STO2.2/3d_xy           0.012   0.012
 11/C/STO2.2/3d_yz           0.007   0.007
 11/C/STO2.2/3d_z2           0.003   0.002
 11/C/STO2.2/3d_xz           0.006   0.006
 11/C/STO2.2/3d_x2-y2        0.012   0.012
                    -------------
 Charge on atom              2.996   3.009
 
 12/C/NO/1s                  0.995   0.995
 12/C/NO/2s                  0.336   0.336
 12/C/NO/2p_y                0.679   0.679
 12/C/NO/2p_z                0.607   0.606
 12/C/NO/2p_x                0.679   0.679
 12/C/STO7.68/1s             0.003   0.003
 12/C/STO2.1/2s              0.231   0.231
 12/C/STO4.6/2s             -0.015  -0.015
 12/C/STO0.82/2p_y          -0.200  -0.199
 12/C/STO0.82/2p_z          -0.100  -0.100
 12/C/STO0.82/2p_x          -0.199  -0.200
 12/C/STO2.94/2p_y          -0.019  -0.019
 12/C/STO2.94/2p_z          -0.013  -0.013
 12/C/STO2.94/2p_x          -0.019  -0.019
 12/C/STO2.2/3d_xy           0.012   0.012
 12/C/STO2.2/3d_yz           0.006   0.007
 12/C/STO2.2/3d_z2           0.002   0.002
 12/C/STO2.2/3d_xz           0.007   0.006
 12/C/STO2.2/3d_x2-y2        0.012   0.012
                    -------------
 Charge on atom              3.005   3.004
 
 13/C/NO/1s                  0.995   0.995
 13/C/NO/2s                  0.347   0.345
 13/C/NO/2p_y                0.680   0.680
 13/C/NO/2p_z                0.610   0.584
 13/C/NO/2p_x                0.679   0.680
 13/C/STO7.68/1s             0.002   0.002
 13/C/STO2.1/2s              0.227   0.227
 13/C/STO4.6/2s             -0.015  -0.015
 13/C/STO0.82/2p_y          -0.197  -0.198
 13/C/STO0.82/2p_z          -0.102  -0.102
 13/C/STO0.82/2p_x          -0.202  -0.205
 13/C/STO2.94/2p_y          -0.019  -0.019
 13/C/STO2.94/2p_z          -0.013  -0.013
 13/C/STO2.94/2p_x          -0.019  -0.019
 13/C/STO2.2/3d_xy           0.012   0.012
 13/C/STO2.2/3d_yz           0.006   0.007
 13/C/STO2.2/3d_z2           0.002   0.003
 13/C/STO2.2/3d_xz           0.006   0.006
 13/C/STO2.2/3d_x2-y2        0.012   0.012
                    -------------
 Charge on atom              3.015   2.983
 
 14/C/NO/1s                  0.995   0.995
 14/C/NO/2s                  0.342   0.344
 14/C/NO/2p_y                0.679   0.680
 14/C/NO/2p_z                0.596   0.609
 14/C/NO/2p_x                0.681   0.680
 14/C/STO7.68/1s             0.002   0.002
 14/C/STO2.1/2s              0.228   0.227
 14/C/STO4.6/2s             -0.015  -0.015
 14/C/STO0.82/2p_y          -0.202  -0.201
 14/C/STO0.82/2p_z          -0.100  -0.100
 14/C/STO0.82/2p_x          -0.202  -0.201
 14/C/STO2.94/2p_y          -0.019  -0.019
 14/C/STO2.94/2p_z          -0.013  -0.013
 14/C/STO2.94/2p_x          -0.019  -0.019
 14/C/STO2.2/3d_xy           0.012   0.012
 14/C/STO2.2/3d_yz           0.006   0.006
 14/C/STO2.2/3d_z2           0.002   0.002
 14/C/STO2.2/3d_xz           0.007   0.007
 14/C/STO2.2/3d_x2-y2        0.012   0.012
                    -------------
 Charge on atom              2.993   3.009
 
 15/C/NO/1s                  0.995   0.995
 15/C/NO/2s                  0.344   0.345
 15/C/NO/2p_y                0.679   0.678
 15/C/NO/2p_z                0.603   0.610
 15/C/NO/2p_x                0.679   0.679
 15/C/STO7.68/1s             0.002   0.002
 15/C/STO2.1/2s              0.226   0.226
 15/C/STO4.6/2s             -0.015  -0.015
 15/C/STO0.82/2p_y          -0.199  -0.197
 15/C/STO0.82/2p_z          -0.101  -0.101
 15/C/STO0.82/2p_x          -0.207  -0.207
 15/C/STO2.94/2p_y          -0.019  -0.018
 15/C/STO2.94/2p_z          -0.013  -0.013
 15/C/STO2.94/2p_x          -0.020  -0.020
 15/C/STO2.2/3d_xy           0.012   0.012
 15/C/STO2.2/3d_yz           0.006   0.007
 15/C/STO2.2/3d_z2           0.002   0.002
 15/C/STO2.2/3d_xz           0.006   0.006
 15/C/STO2.2/3d_x2-y2        0.012   0.012
                    -------------
 Charge on atom              2.995   3.004
 
 16/C/NO/1s                  0.995   0.995
 16/C/NO/2s                  0.346   0.348
 16/C/NO/2p_y                0.677   0.676
 16/C/NO/2p_z                0.599   0.613
 16/C/NO/2p_x                0.680   0.681
 16/C/STO7.68/1s             0.002   0.002
 16/C/STO2.1/2s              0.225   0.224
 16/C/STO4.6/2s             -0.015  -0.015
 16/C/STO0.82/2p_y          -0.198  -0.196
 16/C/STO0.82/2p_z          -0.101  -0.100
 16/C/STO0.82/2p_x          -0.207  -0.207
 16/C/STO2.94/2p_y          -0.018  -0.018
 16/C/STO2.94/2p_z          -0.013  -0.013
 16/C/STO2.94/2p_x          -0.020  -0.020
 16/C/STO2.2/3d_xy           0.012   0.012
 16/C/STO2.2/3d_yz           0.006   0.007
 16/C/STO2.2/3d_z2           0.002   0.002
 16/C/STO2.2/3d_xz           0.006   0.006
 16/C/STO2.2/3d_x2-y2        0.012   0.012
                    -------------
 Charge on atom              2.992   3.011
 
 17/C/NO/1s                  0.995   0.995
 17/C/NO/2s                  0.343   0.341
 17/C/NO/2p_y                0.683   0.682
 17/C/NO/2p_z                0.609   0.582
 17/C/NO/2p_x                0.683   0.684
 17/C/STO7.68/1s             0.003   0.002
 17/C/STO2.1/2s              0.230   0.229
 17/C/STO4.6/2s             -0.015  -0.015
 17/C/STO0.82/2p_y          -0.202  -0.203
 17/C/STO0.82/2p_z          -0.102  -0.104
 17/C/STO0.82/2p_x          -0.200  -0.202
 17/C/STO2.94/2p_y          -0.019  -0.019
 17/C/STO2.94/2p_z          -0.013  -0.013
 17/C/STO2.94/2p_x          -0.019  -0.019
 17/C/STO2.2/3d_xy           0.012   0.012
 17/C/STO2.2/3d_yz           0.007   0.007
 17/C/STO2.2/3d_z2           0.002   0.003
 17/C/STO2.2/3d_xz           0.007   0.007
 17/C/STO2.2/3d_x2-y2        0.012   0.012
                    -------------
 Charge on atom              3.016   2.982
 
 18/C/NO/1s                  0.995   0.995
 18/C/NO/2s                  0.348   0.349
 18/C/NO/2p_y                0.676   0.677
 18/C/NO/2p_z                0.597   0.614
 18/C/NO/2p_x                0.675   0.674
 18/C/STO7.68/1s             0.002   0.003
 18/C/STO2.1/2s              0.224   0.224
 18/C/STO4.6/2s             -0.015  -0.015
 18/C/STO0.82/2p_y          -0.196  -0.196
 18/C/STO0.82/2p_z          -0.091  -0.091
 18/C/STO0.82/2p_x          -0.203  -0.202
 18/C/STO2.94/2p_y          -0.018  -0.019
 18/C/STO2.94/2p_z          -0.012  -0.013
 18/C/STO2.94/2p_x          -0.018  -0.018
 18/C/STO2.2/3d_xy           0.012   0.012
 18/C/STO2.2/3d_yz           0.006   0.006
 18/C/STO2.2/3d_z2           0.003   0.003
 18/C/STO2.2/3d_xz           0.006   0.007
 18/C/STO2.2/3d_x2-y2        0.012   0.012
                    -------------
 Charge on atom              3.003   3.021
 
 19/C/NO/1s                  0.995   0.995
 19/C/NO/2s                  0.328   0.329
 19/C/NO/2p_y                0.679   0.679
 19/C/NO/2p_z                0.610   0.612
 19/C/NO/2p_x                0.682   0.681
 19/C/STO7.68/1s             0.003   0.003
 19/C/STO2.1/2s              0.236   0.235
 19/C/STO4.6/2s             -0.016  -0.015
 19/C/STO0.82/2p_y          -0.202  -0.202
 19/C/STO0.82/2p_z          -0.102  -0.102
 19/C/STO0.82/2p_x          -0.200  -0.199
 19/C/STO2.94/2p_y          -0.019  -0.019
 19/C/STO2.94/2p_z          -0.013  -0.013
 19/C/STO2.94/2p_x          -0.019  -0.018
 19/C/STO2.2/3d_xy           0.012   0.012
 19/C/STO2.2/3d_yz           0.007   0.006
 19/C/STO2.2/3d_z2           0.003   0.003
 19/C/STO2.2/3d_xz           0.007   0.007
 19/C/STO2.2/3d_x2-y2        0.012   0.012
                    -------------
 Charge on atom              3.001   3.006
 
 20/C/NO/1s                  0.994   0.995
 20/C/NO/2s                  0.328   0.328
 20/C/NO/2p_y                0.688   0.688
 20/C/NO/2p_z                0.614   0.590
 20/C/NO/2p_x                0.680   0.682
 20/C/STO7.68/1s             0.003   0.003
 20/C/STO2.1/2s              0.239   0.238
 20/C/STO4.6/2s             -0.016  -0.016
 20/C/STO0.82/2p_y          -0.204  -0.206
 20/C/STO0.82/2p_z          -0.099  -0.099
 20/C/STO0.82/2p_x          -0.203  -0.205
 20/C/STO2.94/2p_y          -0.019  -0.019
 20/C/STO2.94/2p_z          -0.013  -0.013
 20/C/STO2.94/2p_x          -0.018  -0.019
 20/C/STO2.2/3d_xy           0.013   0.013
 20/C/STO2.2/3d_yz           0.007   0.007
 20/C/STO2.2/3d_z2           0.003   0.003
 20/C/STO2.2/3d_xz           0.007   0.006
 20/C/STO2.2/3d_x2-y2        0.012   0.012
                    -------------
 Charge on atom              3.016   2.987
 
 21/C/NO/1s                  0.995   0.995
 21/C/NO/2s                  0.328   0.330
 21/C/NO/2p_y                0.679   0.679
 21/C/NO/2p_z                0.599   0.609
 21/C/NO/2p_x                0.683   0.684
 21/C/STO7.68/1s             0.003   0.003
 21/C/STO2.1/2s              0.236   0.236
 21/C/STO4.6/2s             -0.016  -0.016
 21/C/STO0.82/2p_y          -0.199  -0.196
 21/C/STO0.82/2p_z          -0.102  -0.101
 21/C/STO0.82/2p_x          -0.204  -0.204
 21/C/STO2.94/2p_y          -0.018  -0.018
 21/C/STO2.94/2p_z          -0.013  -0.013
 21/C/STO2.94/2p_x          -0.019  -0.019
 21/C/STO2.2/3d_xy           0.012   0.012
 21/C/STO2.2/3d_yz           0.007   0.007
 21/C/STO2.2/3d_z2           0.003   0.002
 21/C/STO2.2/3d_xz           0.007   0.006
 21/C/STO2.2/3d_x2-y2        0.012   0.012
                    -------------
 Charge on atom              2.993   3.007
 
 22/C/NO/1s                  0.995   0.995
 22/C/NO/2s                  0.328   0.329
 22/C/NO/2p_y                0.681   0.680
 22/C/NO/2p_z                0.610   0.612
 22/C/NO/2p_x                0.680   0.681
 22/C/STO7.68/1s             0.003   0.003
 22/C/STO2.1/2s              0.236   0.235
 22/C/STO4.6/2s             -0.016  -0.015
 22/C/STO0.82/2p_y          -0.199  -0.197
 22/C/STO0.82/2p_z          -0.102  -0.102
 22/C/STO0.82/2p_x          -0.203  -0.204
 22/C/STO2.94/2p_y          -0.019  -0.019
 22/C/STO2.94/2p_z          -0.013  -0.013
 22/C/STO2.94/2p_x          -0.019  -0.019
 22/C/STO2.2/3d_xy           0.012   0.012
 22/C/STO2.2/3d_yz           0.007   0.007
 22/C/STO2.2/3d_z2           0.003   0.003
 22/C/STO2.2/3d_xz           0.007   0.006
 22/C/STO2.2/3d_x2-y2        0.012   0.012
                    -------------
 Charge on atom              3.001   3.006
 
 23/C/NO/1s                  0.995   0.995
 23/C/NO/2s                  0.338   0.337
 23/C/NO/2p_y                0.681   0.682
 23/C/NO/2p_z                0.609   0.584
 23/C/NO/2p_x                0.681   0.682
 23/C/STO7.68/1s             0.003   0.002
 23/C/STO2.1/2s              0.232   0.232
 23/C/STO4.6/2s             -0.015  -0.015
 23/C/STO0.82/2p_y          -0.199  -0.200
 23/C/STO0.82/2p_z          -0.101  -0.102
 23/C/STO0.82/2p_x          -0.199  -0.202
 23/C/STO2.94/2p_y          -0.018  -0.019
 23/C/STO2.94/2p_z          -0.013  -0.013
 23/C/STO2.94/2p_x          -0.019  -0.019
 23/C/STO2.2/3d_xy           0.012   0.012
 23/C/STO2.2/3d_yz           0.007   0.007
 23/C/STO2.2/3d_z2           0.002   0.003
 23/C/STO2.2/3d_xz           0.007   0.006
 23/C/STO2.2/3d_x2-y2        0.012   0.012
                    -------------
 Charge on atom              3.015   2.985
 
 24/C/NO/1s                  0.995   0.995
 24/C/NO/2s                  0.337   0.337
 24/C/NO/2p_y                0.679   0.680
 24/C/NO/2p_z                0.607   0.606
 24/C/NO/2p_x                0.679   0.679
 24/C/STO7.68/1s             0.003   0.003
 24/C/STO2.1/2s              0.231   0.231
 24/C/STO4.6/2s             -0.015  -0.015
 24/C/STO0.82/2p_y          -0.200  -0.200
 24/C/STO0.82/2p_z          -0.100  -0.100
 24/C/STO0.82/2p_x          -0.199  -0.199
 24/C/STO2.94/2p_y          -0.019  -0.019
 24/C/STO2.94/2p_z          -0.013  -0.013
 24/C/STO2.94/2p_x          -0.019  -0.019
 24/C/STO2.2/3d_xy           0.012   0.012
 24/C/STO2.2/3d_yz           0.007   0.006
 24/C/STO2.2/3d_z2           0.002   0.002
 24/C/STO2.2/3d_xz           0.006   0.007
 24/C/STO2.2/3d_x2-y2        0.012   0.012
                    -------------
 Charge on atom              3.005   3.004
 
 25/C/NO/1s                  0.995   0.995
 25/C/NO/2s                  0.343   0.343
 25/C/NO/2p_y                0.676   0.676
 25/C/NO/2p_z                0.601   0.610
 25/C/NO/2p_x                0.677   0.676
 25/C/STO7.68/1s             0.002   0.002
 25/C/STO2.1/2s              0.227   0.227
 25/C/STO4.6/2s             -0.015  -0.015
 25/C/STO0.82/2p_y          -0.196  -0.196
 25/C/STO0.82/2p_z          -0.099  -0.099
 25/C/STO0.82/2p_x          -0.199  -0.198
 25/C/STO2.94/2p_y          -0.018  -0.018
 25/C/STO2.94/2p_z          -0.013  -0.013
 25/C/STO2.94/2p_x          -0.019  -0.018
 25/C/STO2.2/3d_xy           0.012   0.012
 25/C/STO2.2/3d_yz           0.006   0.006
 25/C/STO2.2/3d_z2           0.002   0.002
 25/C/STO2.2/3d_xz           0.006   0.007
 25/C/STO2.2/3d_x2-y2        0.012   0.012
                    -------------
 Charge on atom              3.001   3.012
 
 26/C/NO/1s                  0.995   0.995
 26/C/NO/2s                  0.342   0.341
 26/C/NO/2p_y                0.683   0.683
 26/C/NO/2p_z                0.609   0.584
 26/C/NO/2p_x                0.682   0.683
 26/C/STO7.68/1s             0.002   0.002
 26/C/STO2.1/2s              0.230   0.230
 26/C/STO4.6/2s             -0.015  -0.015
 26/C/STO0.82/2p_y          -0.202  -0.203
 26/C/STO0.82/2p_z          -0.102  -0.102
 26/C/STO0.82/2p_x          -0.201  -0.204
 26/C/STO2.94/2p_y          -0.019  -0.019
 26/C/STO2.94/2p_z          -0.013  -0.013
 26/C/STO2.94/2p_x          -0.019  -0.019
 26/C/STO2.2/3d_xy           0.012   0.012
 26/C/STO2.2/3d_yz           0.007   0.007
 26/C/STO2.2/3d_z2           0.002   0.003
 26/C/STO2.2/3d_xz           0.007   0.006
 26/C/STO2.2/3d_x2-y2        0.012   0.012
                    -------------
 Charge on atom              3.012   2.982
 
 27/C/NO/1s                  0.995   0.996
 27/C/NO/2s                  0.361   0.358
 27/C/NO/2p_y                0.677   0.676
 27/C/NO/2p_z                0.611   0.581
 27/C/NO/2p_x                0.681   0.682
 27/C/STO7.68/1s             0.002   0.002
 27/C/STO2.1/2s              0.218   0.218
 27/C/STO4.6/2s             -0.015  -0.015
 27/C/STO0.82/2p_y          -0.195  -0.196
 27/C/STO0.82/2p_z          -0.101  -0.102
 27/C/STO0.82/2p_x          -0.204  -0.208
 27/C/STO2.94/2p_y          -0.018  -0.018
 27/C/STO2.94/2p_z          -0.013  -0.013
 27/C/STO2.94/2p_x          -0.020  -0.020
 27/C/STO2.2/3d_xy           0.012   0.012
 27/C/STO2.2/3d_yz           0.006   0.006
 27/C/STO2.2/3d_z2           0.002   0.002
 27/C/STO2.2/3d_xz           0.007   0.006
 27/C/STO2.2/3d_x2-y2        0.012   0.012
                    -------------
 Charge on atom              3.017   2.981
 
 28/C/NO/1s                  0.995   0.995
 28/C/NO/2s                  0.346   0.348
 28/C/NO/2p_y                0.679   0.680
 28/C/NO/2p_z                0.599   0.613
 28/C/NO/2p_x                0.679   0.678
 28/C/STO7.68/1s             0.002   0.002
 28/C/STO2.1/2s              0.225   0.224
 28/C/STO4.6/2s             -0.015  -0.015
 28/C/STO0.82/2p_y          -0.207  -0.206
 28/C/STO0.82/2p_z          -0.101  -0.100
 28/C/STO0.82/2p_x          -0.199  -0.198
 28/C/STO2.94/2p_y          -0.019  -0.020
 28/C/STO2.94/2p_z          -0.013  -0.013
 28/C/STO2.94/2p_x          -0.019  -0.019
 28/C/STO2.2/3d_xy           0.012   0.012
 28/C/STO2.2/3d_yz           0.006   0.006
 28/C/STO2.2/3d_z2           0.003   0.002
 28/C/STO2.2/3d_xz           0.006   0.007
 28/C/STO2.2/3d_x2-y2        0.012   0.012
                    -------------
 Charge on atom              2.992   3.010
 
 29/C/NO/1s                  0.996   0.996
 29/C/NO/2s                  0.313   0.315
 29/C/NO/2p_y                0.681   0.683
 29/C/NO/2p_z                0.627   0.640
 29/C/NO/2p_x                0.659   0.659
 29/C/STO7.68/1s             0.002   0.002
 29/C/STO2.1/2s              0.248   0.247
 29/C/STO4.6/2s             -0.017  -0.016
 29/C/STO0.82/2p_y          -0.214  -0.213
 29/C/STO0.82/2p_z          -0.138  -0.138
 29/C/STO0.82/2p_x          -0.233  -0.233
 29/C/STO2.94/2p_y          -0.022  -0.023
 29/C/STO2.94/2p_z          -0.016  -0.016
 29/C/STO2.94/2p_x          -0.023  -0.023
 29/C/STO2.2/3d_xy           0.014   0.014
 29/C/STO2.2/3d_yz           0.008   0.007
 29/C/STO2.2/3d_z2           0.003   0.003
 29/C/STO2.2/3d_xz           0.009   0.009
 29/C/STO2.2/3d_x2-y2        0.015   0.015
                    -------------
 Charge on atom              2.911   2.928
 
 30/C/NO/1s                  0.995   0.996
 30/C/NO/2s                  0.368   0.366
 30/C/NO/2p_y                0.668   0.667
 30/C/NO/2p_z                0.626   0.600
 30/C/NO/2p_x                0.674   0.675
 30/C/STO7.68/1s             0.002   0.002
 30/C/STO2.1/2s              0.214   0.213
 30/C/STO4.6/2s             -0.015  -0.014
 30/C/STO0.82/2p_y          -0.190  -0.191
 30/C/STO0.82/2p_z          -0.086  -0.085
 30/C/STO0.82/2p_x          -0.191  -0.194
 30/C/STO2.94/2p_y          -0.019  -0.018
 30/C/STO2.94/2p_z          -0.013  -0.012
 30/C/STO2.94/2p_x          -0.019  -0.019
 30/C/STO2.2/3d_xy           0.011   0.011
 30/C/STO2.2/3d_yz           0.006   0.006
 30/C/STO2.2/3d_z2           0.002   0.003
 30/C/STO2.2/3d_xz           0.006   0.006
 30/C/STO2.2/3d_x2-y2        0.011   0.011
                    -------------
 Charge on atom              3.053   3.022
 
 31/C/NO/1s                  0.995   0.995
 31/C/NO/2s                  0.280   0.282
 31/C/NO/2p_y                0.646   0.650
 31/C/NO/2p_z                0.636   0.638
 31/C/NO/2p_x                0.703   0.704
 31/C/STO7.68/1s             0.003   0.003
 31/C/STO2.1/2s              0.263   0.263
 31/C/STO4.6/2s             -0.017  -0.017
 31/C/STO0.82/2p_y          -0.249  -0.250
 31/C/STO0.82/2p_z          -0.130  -0.128
 31/C/STO0.82/2p_x          -0.230  -0.230
 31/C/STO2.94/2p_y          -0.026  -0.026
 31/C/STO2.94/2p_z          -0.016  -0.016
 31/C/STO2.94/2p_x          -0.020  -0.020
 31/C/STO2.2/3d_xy           0.016   0.016
 31/C/STO2.2/3d_yz           0.011   0.011
 31/C/STO2.2/3d_z2           0.003   0.003
 31/C/STO2.2/3d_xz           0.007   0.007
 31/C/STO2.2/3d_x2-y2        0.014   0.014
                    -------------
 Charge on atom              2.889   2.898
 
 33/C/NO/1s                  0.994   0.995
 33/C/NO/2s                  0.329   0.328
 33/C/NO/2p_y                0.678   0.679
 33/C/NO/2p_z                0.614   0.589
 33/C/NO/2p_x                0.689   0.690
 33/C/STO7.68/1s             0.003   0.003
 33/C/STO2.1/2s              0.238   0.238
 33/C/STO4.6/2s             -0.016  -0.016
 33/C/STO0.82/2p_y          -0.202  -0.204
 33/C/STO0.82/2p_z          -0.099  -0.099
 33/C/STO0.82/2p_x          -0.204  -0.207
 33/C/STO2.94/2p_y          -0.017  -0.017
 33/C/STO2.94/2p_z          -0.013  -0.013
 33/C/STO2.94/2p_x          -0.020  -0.020
 33/C/STO2.2/3d_xy           0.011   0.011
 33/C/STO2.2/3d_yz           0.007   0.007
 33/C/STO2.2/3d_z2           0.003   0.003
 33/C/STO2.2/3d_xz           0.007   0.007
 33/C/STO2.2/3d_x2-y2        0.013   0.013
                    -------------
 Charge on atom              3.016   2.987
 
 34/C/NO/1s                  0.995   0.995
 34/C/NO/2s                  0.280   0.282
 34/C/NO/2p_y                0.698   0.701
 34/C/NO/2p_z                0.636   0.638
 34/C/NO/2p_x                0.652   0.653
 34/C/STO7.68/1s             0.003   0.003
 34/C/STO2.1/2s              0.263   0.263
 34/C/STO4.6/2s             -0.017  -0.017
 34/C/STO0.82/2p_y          -0.263  -0.263
 34/C/STO0.82/2p_z          -0.130  -0.129
 34/C/STO0.82/2p_x          -0.217  -0.217
 34/C/STO2.94/2p_y          -0.022  -0.022
 34/C/STO2.94/2p_z          -0.016  -0.016
 34/C/STO2.94/2p_x          -0.024  -0.024
 34/C/STO2.2/3d_xy           0.015   0.016
 34/C/STO2.2/3d_yz           0.008   0.008
 34/C/STO2.2/3d_z2           0.003   0.003
 34/C/STO2.2/3d_xz           0.009   0.010
 34/C/STO2.2/3d_x2-y2        0.015   0.015
                    -------------
 Charge on atom              2.889   2.898
 
 35/C/NO/1s                  0.995   0.995
 35/C/NO/2s                  0.333   0.334
 35/C/NO/2p_y                0.674   0.675
 35/C/NO/2p_z                0.603   0.612
 35/C/NO/2p_x                0.679   0.679
 35/C/STO7.68/1s             0.003   0.003
 35/C/STO2.1/2s              0.233   0.233
 35/C/STO4.6/2s             -0.015  -0.015
 35/C/STO0.82/2p_y          -0.198  -0.197
 35/C/STO0.82/2p_z          -0.102  -0.101
 35/C/STO0.82/2p_x          -0.199  -0.198
 35/C/STO2.94/2p_y          -0.018  -0.018
 35/C/STO2.94/2p_z          -0.013  -0.013
 35/C/STO2.94/2p_x          -0.019  -0.019
 35/C/STO2.2/3d_xy           0.012   0.012
 35/C/STO2.2/3d_yz           0.006   0.006
 35/C/STO2.2/3d_z2           0.003   0.002
 35/C/STO2.2/3d_xz           0.007   0.007
 35/C/STO2.2/3d_x2-y2        0.012   0.012
                    -------------
 Charge on atom              2.996   3.009
 
 36/C/NO/1s                  0.995   0.995
 36/C/NO/2s                  0.343   0.340
 36/C/NO/2p_y                0.687   0.687
 36/C/NO/2p_z                0.609   0.582
 36/C/NO/2p_x                0.679   0.679
 36/C/STO7.68/1s             0.003   0.002
 36/C/STO2.1/2s              0.230   0.230
 36/C/STO4.6/2s             -0.015  -0.015
 36/C/STO0.82/2p_y          -0.205  -0.205
 36/C/STO0.82/2p_z          -0.102  -0.104
 36/C/STO0.82/2p_x          -0.197  -0.199
 36/C/STO2.94/2p_y          -0.019  -0.019
 36/C/STO2.94/2p_z          -0.013  -0.013
 36/C/STO2.94/2p_x          -0.018  -0.018
 36/C/STO2.2/3d_xy           0.012   0.012
 36/C/STO2.2/3d_yz           0.007   0.007
 36/C/STO2.2/3d_z2           0.002   0.003
 36/C/STO2.2/3d_xz           0.006   0.006
 36/C/STO2.2/3d_x2-y2        0.012   0.012
                    -------------
 Charge on atom              3.016   2.982
 
 37/C/NO/1s                  0.995   0.995
 37/C/NO/2s                  0.342   0.343
 37/C/NO/2p_y                0.677   0.676
 37/C/NO/2p_z                0.601   0.610
 37/C/NO/2p_x                0.675   0.676
 37/C/STO7.68/1s             0.002   0.002
 37/C/STO2.1/2s              0.227   0.227
 37/C/STO4.6/2s             -0.015  -0.015
 37/C/STO0.82/2p_y          -0.199  -0.197
 37/C/STO0.82/2p_z          -0.099  -0.099
 37/C/STO0.82/2p_x          -0.196  -0.197
 37/C/STO2.94/2p_y          -0.019  -0.018
 37/C/STO2.94/2p_z          -0.013  -0.013
 37/C/STO2.94/2p_x          -0.018  -0.018
 37/C/STO2.2/3d_xy           0.012   0.012
 37/C/STO2.2/3d_yz           0.006   0.006
 37/C/STO2.2/3d_z2           0.002   0.002
 37/C/STO2.2/3d_xz           0.006   0.006
 37/C/STO2.2/3d_x2-y2        0.012   0.012
                    -------------
 Charge on atom              3.000   3.011
 
 38/C/NO/1s                  0.995   0.995
 38/C/NO/2s                  0.342   0.343
 38/C/NO/2p_y                0.681   0.681
 38/C/NO/2p_z                0.596   0.609
 38/C/NO/2p_x                0.679   0.679
 38/C/STO7.68/1s             0.002   0.002
 38/C/STO2.1/2s              0.228   0.228
 38/C/STO4.6/2s             -0.015  -0.015
 38/C/STO0.82/2p_y          -0.205  -0.202
 38/C/STO0.82/2p_z          -0.100  -0.100
 38/C/STO0.82/2p_x          -0.200  -0.200
 38/C/STO2.94/2p_y          -0.019  -0.019
 38/C/STO2.94/2p_z          -0.013  -0.013
 38/C/STO2.94/2p_x          -0.019  -0.019
 38/C/STO2.2/3d_xy           0.012   0.012
 38/C/STO2.2/3d_yz           0.007   0.007
 38/C/STO2.2/3d_z2           0.002   0.002
 38/C/STO2.2/3d_xz           0.006   0.006
 38/C/STO2.2/3d_x2-y2        0.012   0.012
                    -------------
 Charge on atom              2.993   3.009
 
 39/C/NO/1s                  0.995   0.995
 39/C/NO/2s                  0.344   0.345
 39/C/NO/2p_y                0.678   0.678
 39/C/NO/2p_z                0.603   0.610
 39/C/NO/2p_x                0.680   0.679
 39/C/STO7.68/1s             0.002   0.002
 39/C/STO2.1/2s              0.226   0.226
 39/C/STO4.6/2s             -0.015  -0.015
 39/C/STO0.82/2p_y          -0.204  -0.203
 39/C/STO0.82/2p_z          -0.101  -0.101
 39/C/STO0.82/2p_x          -0.202  -0.202
 39/C/STO2.94/2p_y          -0.019  -0.019
 39/C/STO2.94/2p_z          -0.013  -0.013
 39/C/STO2.94/2p_x          -0.019  -0.019
 39/C/STO2.2/3d_xy           0.012   0.012
 39/C/STO2.2/3d_yz           0.006   0.006
 39/C/STO2.2/3d_z2           0.002   0.002
 39/C/STO2.2/3d_xz           0.006   0.007
 39/C/STO2.2/3d_x2-y2        0.012   0.012
                    -------------
 Charge on atom              2.995   3.004
 
 40/C/NO/1s                  0.995   0.995
 40/C/NO/2s                  0.347   0.345
 40/C/NO/2p_y                0.680   0.680
 40/C/NO/2p_z                0.610   0.584
 40/C/NO/2p_x                0.680   0.680
 40/C/STO7.68/1s             0.002   0.002
 40/C/STO2.1/2s              0.227   0.227
 40/C/STO4.6/2s             -0.015  -0.015
 40/C/STO0.82/2p_y          -0.203  -0.204
 40/C/STO0.82/2p_z          -0.102  -0.102
 40/C/STO0.82/2p_x          -0.196  -0.199
 40/C/STO2.94/2p_y          -0.019  -0.019
 40/C/STO2.94/2p_z          -0.013  -0.013
 40/C/STO2.94/2p_x          -0.019  -0.019
 40/C/STO2.2/3d_xy           0.012   0.012
 40/C/STO2.2/3d_yz           0.006   0.007
 40/C/STO2.2/3d_z2           0.002   0.003
 40/C/STO2.2/3d_xz           0.006   0.006
 40/C/STO2.2/3d_x2-y2        0.012   0.012
                    -------------
 Charge on atom              3.015   2.982
 
 41/C/NO/1s                  0.996   0.996
 41/C/NO/2s                  0.312   0.314
 41/C/NO/2p_y                0.694   0.694
 41/C/NO/2p_z                0.627   0.640
 41/C/NO/2p_x                0.646   0.648
 41/C/STO7.68/1s             0.002   0.002
 41/C/STO2.1/2s              0.248   0.248
 41/C/STO4.6/2s             -0.017  -0.017
 41/C/STO0.82/2p_y          -0.246  -0.245
 41/C/STO0.82/2p_z          -0.138  -0.139
 41/C/STO0.82/2p_x          -0.200  -0.202
 41/C/STO2.94/2p_y          -0.022  -0.022
 41/C/STO2.94/2p_z          -0.016  -0.016
 41/C/STO2.94/2p_x          -0.024  -0.024
 41/C/STO2.2/3d_xy           0.015   0.015
 41/C/STO2.2/3d_yz           0.007   0.007
 41/C/STO2.2/3d_z2           0.003   0.003
 41/C/STO2.2/3d_xz           0.010   0.009
 41/C/STO2.2/3d_x2-y2        0.015   0.014
                    -------------
 Charge on atom              2.911   2.927
 
 42/C/NO/1s                  0.995   0.995
 42/C/NO/2s                  0.348   0.349
 42/C/NO/2p_y                0.675   0.674
 42/C/NO/2p_z                0.597   0.614
 42/C/NO/2p_x                0.677   0.678
 42/C/STO7.68/1s             0.002   0.002
 42/C/STO2.1/2s              0.224   0.224
 42/C/STO4.6/2s             -0.015  -0.015
 42/C/STO0.82/2p_y          -0.205  -0.204
 42/C/STO0.82/2p_z          -0.091  -0.091
 42/C/STO0.82/2p_x          -0.195  -0.195
 42/C/STO2.94/2p_y          -0.018  -0.018
 42/C/STO2.94/2p_z          -0.012  -0.013
 42/C/STO2.94/2p_x          -0.018  -0.018
 42/C/STO2.2/3d_xy           0.011   0.011
 42/C/STO2.2/3d_yz           0.006   0.007
 42/C/STO2.2/3d_z2           0.003   0.003
 42/C/STO2.2/3d_xz           0.007   0.006
 42/C/STO2.2/3d_x2-y2        0.012   0.012
                    -------------
 Charge on atom              3.002   3.021
 
 43/C/NO/1s                  0.995   0.995
 43/C/NO/2s                  0.348   0.349
 43/C/NO/2p_y                0.676   0.677
 43/C/NO/2p_z                0.597   0.614
 43/C/NO/2p_x                0.675   0.674
 43/C/STO7.68/1s             0.002   0.003
 43/C/STO2.1/2s              0.224   0.224
 43/C/STO4.6/2s             -0.015  -0.015
 43/C/STO0.82/2p_y          -0.196  -0.196
 43/C/STO0.82/2p_z          -0.091  -0.091
 43/C/STO0.82/2p_x          -0.203  -0.202
 43/C/STO2.94/2p_y          -0.018  -0.019
 43/C/STO2.94/2p_z          -0.012  -0.013
 43/C/STO2.94/2p_x          -0.018  -0.018
 43/C/STO2.2/3d_xy           0.012   0.012
 43/C/STO2.2/3d_yz           0.006   0.006
 43/C/STO2.2/3d_z2           0.003   0.003
 43/C/STO2.2/3d_xz           0.006   0.007
 43/C/STO2.2/3d_x2-y2        0.012   0.012
                    -------------
 Charge on atom              3.003   3.021
 
 46/C/NO/1s                  0.995   0.995
 46/C/NO/2s                  0.343   0.341
 46/C/NO/2p_y                0.683   0.682
 46/C/NO/2p_z                0.609   0.582
 46/C/NO/2p_x                0.683   0.684
 46/C/STO7.68/1s             0.003   0.002
 46/C/STO2.1/2s              0.230   0.229
 46/C/STO4.6/2s             -0.015  -0.015
 46/C/STO0.82/2p_y          -0.202  -0.203
 46/C/STO0.82/2p_z          -0.102  -0.104
 46/C/STO0.82/2p_x          -0.200  -0.202
 46/C/STO2.94/2p_y          -0.019  -0.019
 46/C/STO2.94/2p_z          -0.013  -0.013
 46/C/STO2.94/2p_x          -0.019  -0.019
 46/C/STO2.2/3d_xy           0.012   0.012
 46/C/STO2.2/3d_yz           0.007   0.007
 46/C/STO2.2/3d_z2           0.002   0.003
 46/C/STO2.2/3d_xz           0.007   0.007
 46/C/STO2.2/3d_x2-y2        0.012   0.012
                    -------------
 Charge on atom              3.016   2.982
 
 47/C/NO/1s                  0.995   0.995
 47/C/NO/2s                  0.348   0.349
 47/C/NO/2p_y                0.675   0.674
 47/C/NO/2p_z                0.597   0.614
 47/C/NO/2p_x                0.677   0.678
 47/C/STO7.68/1s             0.002   0.002
 47/C/STO2.1/2s              0.224   0.224
 47/C/STO4.6/2s             -0.015  -0.015
 47/C/STO0.82/2p_y          -0.205  -0.204
 47/C/STO0.82/2p_z          -0.091  -0.091
 47/C/STO0.82/2p_x          -0.195  -0.195
 47/C/STO2.94/2p_y          -0.018  -0.018
 47/C/STO2.94/2p_z          -0.012  -0.013
 47/C/STO2.94/2p_x          -0.018  -0.018
 47/C/STO2.2/3d_xy           0.011   0.011
 47/C/STO2.2/3d_yz           0.006   0.007
 47/C/STO2.2/3d_z2           0.003   0.003
 47/C/STO2.2/3d_xz           0.007   0.006
 47/C/STO2.2/3d_x2-y2        0.012   0.012
                    -------------
 Charge on atom              3.002   3.021
 
 48/C/NO/1s                  0.996   0.996
 48/C/NO/2s                  0.312   0.314
 48/C/NO/2p_y                0.694   0.694
 48/C/NO/2p_z                0.627   0.640
 48/C/NO/2p_x                0.646   0.648
 48/C/STO7.68/1s             0.002   0.002
 48/C/STO2.1/2s              0.248   0.248
 48/C/STO4.6/2s             -0.017  -0.017
 48/C/STO0.82/2p_y          -0.246  -0.245
 48/C/STO0.82/2p_z          -0.138  -0.139
 48/C/STO0.82/2p_x          -0.200  -0.202
 48/C/STO2.94/2p_y          -0.022  -0.022
 48/C/STO2.94/2p_z          -0.016  -0.016
 48/C/STO2.94/2p_x          -0.024  -0.024
 48/C/STO2.2/3d_xy           0.015   0.015
 48/C/STO2.2/3d_yz           0.007   0.007
 48/C/STO2.2/3d_z2           0.003   0.003
 48/C/STO2.2/3d_xz           0.010   0.009
 48/C/STO2.2/3d_x2-y2        0.015   0.014
                    -------------
 Charge on atom              2.911   2.927
 
 49/C/NO/1s                  0.995   0.995
 49/C/NO/2s                  0.347   0.345
 49/C/NO/2p_y                0.680   0.680
 49/C/NO/2p_z                0.610   0.584
 49/C/NO/2p_x                0.680   0.680
 49/C/STO7.68/1s             0.002   0.002
 49/C/STO2.1/2s              0.227   0.227
 49/C/STO4.6/2s             -0.015  -0.015
 49/C/STO0.82/2p_y          -0.203  -0.204
 49/C/STO0.82/2p_z          -0.102  -0.102
 49/C/STO0.82/2p_x          -0.196  -0.199
 49/C/STO2.94/2p_y          -0.019  -0.019
 49/C/STO2.94/2p_z          -0.013  -0.013
 49/C/STO2.94/2p_x          -0.019  -0.019
 49/C/STO2.2/3d_xy           0.012   0.012
 49/C/STO2.2/3d_yz           0.006   0.007
 49/C/STO2.2/3d_z2           0.002   0.003
 49/C/STO2.2/3d_xz           0.006   0.006
 49/C/STO2.2/3d_x2-y2        0.012   0.012
                    -------------
 Charge on atom              3.015   2.982
 
 50/C/NO/1s                  0.995   0.995
 50/C/NO/2s                  0.344   0.345
 50/C/NO/2p_y                0.678   0.678
 50/C/NO/2p_z                0.603   0.610
 50/C/NO/2p_x                0.680   0.679
 50/C/STO7.68/1s             0.002   0.002
 50/C/STO2.1/2s              0.226   0.226
 50/C/STO4.6/2s             -0.015  -0.015
 50/C/STO0.82/2p_y          -0.204  -0.203
 50/C/STO0.82/2p_z          -0.101  -0.101
 50/C/STO0.82/2p_x          -0.202  -0.202
 50/C/STO2.94/2p_y          -0.019  -0.019
 50/C/STO2.94/2p_z          -0.013  -0.013
 50/C/STO2.94/2p_x          -0.019  -0.019
 50/C/STO2.2/3d_xy           0.012   0.012
 50/C/STO2.2/3d_yz           0.006   0.006
 50/C/STO2.2/3d_z2           0.002   0.002
 50/C/STO2.2/3d_xz           0.006   0.007
 50/C/STO2.2/3d_x2-y2        0.012   0.012
                    -------------
 Charge on atom              2.995   3.004
 
 51/C/NO/1s                  0.995   0.995
 51/C/NO/2s                  0.342   0.343
 51/C/NO/2p_y                0.681   0.681
 51/C/NO/2p_z                0.596   0.609
 51/C/NO/2p_x                0.679   0.679
 51/C/STO7.68/1s             0.002   0.002
 51/C/STO2.1/2s              0.228   0.228
 51/C/STO4.6/2s             -0.015  -0.015
 51/C/STO0.82/2p_y          -0.205  -0.202
 51/C/STO0.82/2p_z          -0.100  -0.100
 51/C/STO0.82/2p_x          -0.200  -0.200
 51/C/STO2.94/2p_y          -0.019  -0.019
 51/C/STO2.94/2p_z          -0.013  -0.013
 51/C/STO2.94/2p_x          -0.019  -0.019
 51/C/STO2.2/3d_xy           0.012   0.012
 51/C/STO2.2/3d_yz           0.007   0.007
 51/C/STO2.2/3d_z2           0.002   0.002
 51/C/STO2.2/3d_xz           0.006   0.006
 51/C/STO2.2/3d_x2-y2        0.012   0.012
                    -------------
 Charge on atom              2.993   3.009
 
 52/C/NO/1s                  0.995   0.995
 52/C/NO/2s                  0.342   0.343
 52/C/NO/2p_y                0.677   0.676
 52/C/NO/2p_z                0.601   0.610
 52/C/NO/2p_x                0.675   0.676
 52/C/STO7.68/1s             0.002   0.002
 52/C/STO2.1/2s              0.227   0.227
 52/C/STO4.6/2s             -0.015  -0.015
 52/C/STO0.82/2p_y          -0.199  -0.197
 52/C/STO0.82/2p_z          -0.099  -0.099
 52/C/STO0.82/2p_x          -0.196  -0.197
 52/C/STO2.94/2p_y          -0.019  -0.018
 52/C/STO2.94/2p_z          -0.013  -0.013
 52/C/STO2.94/2p_x          -0.018  -0.018
 52/C/STO2.2/3d_xy           0.012   0.012
 52/C/STO2.2/3d_yz           0.006   0.006
 52/C/STO2.2/3d_z2           0.002   0.002
 52/C/STO2.2/3d_xz           0.006   0.006
 52/C/STO2.2/3d_x2-y2        0.012   0.012
                    -------------
 Charge on atom              3.000   3.011
 
 53/C/NO/1s                  0.995   0.995
 53/C/NO/2s                  0.343   0.340
 53/C/NO/2p_y                0.687   0.687
 53/C/NO/2p_z                0.609   0.582
 53/C/NO/2p_x                0.679   0.679
 53/C/STO7.68/1s             0.003   0.002
 53/C/STO2.1/2s              0.230   0.230
 53/C/STO4.6/2s             -0.015  -0.015
 53/C/STO0.82/2p_y          -0.205  -0.205
 53/C/STO0.82/2p_z          -0.102  -0.104
 53/C/STO0.82/2p_x          -0.197  -0.199
 53/C/STO2.94/2p_y          -0.019  -0.019
 53/C/STO2.94/2p_z          -0.013  -0.013
 53/C/STO2.94/2p_x          -0.018  -0.018
 53/C/STO2.2/3d_xy           0.012   0.012
 53/C/STO2.2/3d_yz           0.007   0.007
 53/C/STO2.2/3d_z2           0.002   0.003
 53/C/STO2.2/3d_xz           0.006   0.006
 53/C/STO2.2/3d_x2-y2        0.012   0.012
                    -------------
 Charge on atom              3.016   2.982
 
 54/C/NO/1s                  0.995   0.995
 54/C/NO/2s                  0.333   0.334
 54/C/NO/2p_y                0.674   0.675
 54/C/NO/2p_z                0.603   0.612
 54/C/NO/2p_x                0.679   0.679
 54/C/STO7.68/1s             0.003   0.003
 54/C/STO2.1/2s              0.233   0.233
 54/C/STO4.6/2s             -0.015  -0.015
 54/C/STO0.82/2p_y          -0.198  -0.197
 54/C/STO0.82/2p_z          -0.102  -0.101
 54/C/STO0.82/2p_x          -0.199  -0.198
 54/C/STO2.94/2p_y          -0.018  -0.018
 54/C/STO2.94/2p_z          -0.013  -0.013
 54/C/STO2.94/2p_x          -0.019  -0.019
 54/C/STO2.2/3d_xy           0.012   0.012
 54/C/STO2.2/3d_yz           0.006   0.006
 54/C/STO2.2/3d_z2           0.003   0.002
 54/C/STO2.2/3d_xz           0.007   0.007
 54/C/STO2.2/3d_x2-y2        0.012   0.012
                    -------------
 Charge on atom              2.996   3.009
 
 55/C/NO/1s                  0.995   0.995
 55/C/NO/2s                  0.280   0.282
 55/C/NO/2p_y                0.698   0.701
 55/C/NO/2p_z                0.636   0.638
 55/C/NO/2p_x                0.652   0.653
 55/C/STO7.68/1s             0.003   0.003
 55/C/STO2.1/2s              0.263   0.263
 55/C/STO4.6/2s             -0.017  -0.017
 55/C/STO0.82/2p_y          -0.263  -0.263
 55/C/STO0.82/2p_z          -0.130  -0.129
 55/C/STO0.82/2p_x          -0.217  -0.217
 55/C/STO2.94/2p_y          -0.022  -0.022
 55/C/STO2.94/2p_z          -0.016  -0.016
 55/C/STO2.94/2p_x          -0.024  -0.024
 55/C/STO2.2/3d_xy           0.015   0.016
 55/C/STO2.2/3d_yz           0.008   0.008
 55/C/STO2.2/3d_z2           0.003   0.003
 55/C/STO2.2/3d_xz           0.009   0.010
 55/C/STO2.2/3d_x2-y2        0.015   0.015
                    -------------
 Charge on atom              2.889   2.898
 
 56/C/NO/1s                  0.994   0.995
 56/C/NO/2s                  0.329   0.328
 56/C/NO/2p_y                0.678   0.679
 56/C/NO/2p_z                0.614   0.589
 56/C/NO/2p_x                0.689   0.690
 56/C/STO7.68/1s             0.003   0.003
 56/C/STO2.1/2s              0.238   0.238
 56/C/STO4.6/2s             -0.016  -0.016
 56/C/STO0.82/2p_y          -0.202  -0.204
 56/C/STO0.82/2p_z          -0.099  -0.099
 56/C/STO0.82/2p_x          -0.204  -0.207
 56/C/STO2.94/2p_y          -0.017  -0.017
 56/C/STO2.94/2p_z          -0.013  -0.013
 56/C/STO2.94/2p_x          -0.020  -0.020
 56/C/STO2.2/3d_xy           0.011   0.011
 56/C/STO2.2/3d_yz           0.007   0.007
 56/C/STO2.2/3d_z2           0.003   0.003
 56/C/STO2.2/3d_xz           0.007   0.007
 56/C/STO2.2/3d_x2-y2        0.013   0.013
                    -------------
 Charge on atom              3.016   2.987
 
 58/C/NO/1s                  0.995   0.995
 58/C/NO/2s                  0.280   0.282
 58/C/NO/2p_y                0.646   0.650
 58/C/NO/2p_z                0.636   0.638
 58/C/NO/2p_x                0.703   0.704
 58/C/STO7.68/1s             0.003   0.003
 58/C/STO2.1/2s              0.263   0.263
 58/C/STO4.6/2s             -0.017  -0.017
 58/C/STO0.82/2p_y          -0.249  -0.250
 58/C/STO0.82/2p_z          -0.130  -0.128
 58/C/STO0.82/2p_x          -0.230  -0.230
 58/C/STO2.94/2p_y          -0.026  -0.026
 58/C/STO2.94/2p_z          -0.016  -0.016
 58/C/STO2.94/2p_x          -0.020  -0.020
 58/C/STO2.2/3d_xy           0.016   0.016
 58/C/STO2.2/3d_yz           0.011   0.011
 58/C/STO2.2/3d_z2           0.003   0.003
 58/C/STO2.2/3d_xz           0.007   0.007
 58/C/STO2.2/3d_x2-y2        0.014   0.014
                    -------------
 Charge on atom              2.889   2.898
 
 59/C/NO/1s                  0.995   0.996
 59/C/NO/2s                  0.368   0.366
 59/C/NO/2p_y                0.668   0.667
 59/C/NO/2p_z                0.626   0.600
 59/C/NO/2p_x                0.674   0.675
 59/C/STO7.68/1s             0.002   0.002
 59/C/STO2.1/2s              0.214   0.213
 59/C/STO4.6/2s             -0.015  -0.014
 59/C/STO0.82/2p_y          -0.190  -0.191
 59/C/STO0.82/2p_z          -0.086  -0.085
 59/C/STO0.82/2p_x          -0.191  -0.194
 59/C/STO2.94/2p_y          -0.019  -0.018
 59/C/STO2.94/2p_z          -0.013  -0.012
 59/C/STO2.94/2p_x          -0.019  -0.019
 59/C/STO2.2/3d_xy           0.011   0.011
 59/C/STO2.2/3d_yz           0.006   0.006
 59/C/STO2.2/3d_z2           0.002   0.003
 59/C/STO2.2/3d_xz           0.006   0.006
 59/C/STO2.2/3d_x2-y2        0.011   0.011
                    -------------
 Charge on atom              3.053   3.022
 
 60/C/NO/1s                  0.996   0.996
 60/C/NO/2s                  0.313   0.315
 60/C/NO/2p_y                0.681   0.683
 60/C/NO/2p_z                0.627   0.640
 60/C/NO/2p_x                0.659   0.659
 60/C/STO7.68/1s             0.002   0.002
 60/C/STO2.1/2s              0.248   0.247
 60/C/STO4.6/2s             -0.017  -0.016
 60/C/STO0.82/2p_y          -0.214  -0.213
 60/C/STO0.82/2p_z          -0.138  -0.138
 60/C/STO0.82/2p_x          -0.233  -0.233
 60/C/STO2.94/2p_y          -0.022  -0.023
 60/C/STO2.94/2p_z          -0.016  -0.016
 60/C/STO2.94/2p_x          -0.023  -0.023
 60/C/STO2.2/3d_xy           0.014   0.014
 60/C/STO2.2/3d_yz           0.008   0.007
 60/C/STO2.2/3d_z2           0.003   0.003
 60/C/STO2.2/3d_xz           0.009   0.009
 60/C/STO2.2/3d_x2-y2        0.015   0.015
                    -------------
 Charge on atom              2.911   2.928
 
 61/C/NO/1s                  0.995   0.995
 61/C/NO/2s                  0.346   0.348
 61/C/NO/2p_y                0.679   0.680
 61/C/NO/2p_z                0.599   0.613
 61/C/NO/2p_x                0.679   0.678
 61/C/STO7.68/1s             0.002   0.002
 61/C/STO2.1/2s              0.225   0.224
 61/C/STO4.6/2s             -0.015  -0.015
 61/C/STO0.82/2p_y          -0.207  -0.206
 61/C/STO0.82/2p_z          -0.101  -0.100
 61/C/STO0.82/2p_x          -0.199  -0.198
 61/C/STO2.94/2p_y          -0.019  -0.020
 61/C/STO2.94/2p_z          -0.013  -0.013
 61/C/STO2.94/2p_x          -0.019  -0.019
 61/C/STO2.2/3d_xy           0.012   0.012
 61/C/STO2.2/3d_yz           0.006   0.006
 61/C/STO2.2/3d_z2           0.003   0.002
 61/C/STO2.2/3d_xz           0.006   0.007
 61/C/STO2.2/3d_x2-y2        0.012   0.012
                    -------------
 Charge on atom              2.992   3.010
 
 62/C/NO/1s                  0.995   0.996
 62/C/NO/2s                  0.361   0.358
 62/C/NO/2p_y                0.677   0.676
 62/C/NO/2p_z                0.611   0.581
 62/C/NO/2p_x                0.681   0.682
 62/C/STO7.68/1s             0.002   0.002
 62/C/STO2.1/2s              0.218   0.218
 62/C/STO4.6/2s             -0.015  -0.015
 62/C/STO0.82/2p_y          -0.195  -0.196
 62/C/STO0.82/2p_z          -0.101  -0.102
 62/C/STO0.82/2p_x          -0.204  -0.208
 62/C/STO2.94/2p_y          -0.018  -0.018
 62/C/STO2.94/2p_z          -0.013  -0.013
 62/C/STO2.94/2p_x          -0.020  -0.020
 62/C/STO2.2/3d_xy           0.012   0.012
 62/C/STO2.2/3d_yz           0.006   0.006
 62/C/STO2.2/3d_z2           0.002   0.002
 62/C/STO2.2/3d_xz           0.007   0.006
 62/C/STO2.2/3d_x2-y2        0.012   0.012
                    -------------
 Charge on atom              3.017   2.981
 
 63/C/NO/1s                  0.995   0.995
 63/C/NO/2s                  0.342   0.341
 63/C/NO/2p_y                0.683   0.683
 63/C/NO/2p_z                0.609   0.584
 63/C/NO/2p_x                0.682   0.683
 63/C/STO7.68/1s             0.002   0.002
 63/C/STO2.1/2s              0.230   0.230
 63/C/STO4.6/2s             -0.015  -0.015
 63/C/STO0.82/2p_y          -0.202  -0.203
 63/C/STO0.82/2p_z          -0.102  -0.102
 63/C/STO0.82/2p_x          -0.201  -0.204
 63/C/STO2.94/2p_y          -0.019  -0.019
 63/C/STO2.94/2p_z          -0.013  -0.013
 63/C/STO2.94/2p_x          -0.019  -0.019
 63/C/STO2.2/3d_xy           0.012   0.012
 63/C/STO2.2/3d_yz           0.007   0.007
 63/C/STO2.2/3d_z2           0.002   0.003
 63/C/STO2.2/3d_xz           0.007   0.006
 63/C/STO2.2/3d_x2-y2        0.012   0.012
                    -------------
 Charge on atom              3.012   2.982
 
 64/C/NO/1s                  0.995   0.995
 64/C/NO/2s                  0.343   0.343
 64/C/NO/2p_y                0.676   0.676
 64/C/NO/2p_z                0.601   0.610
 64/C/NO/2p_x                0.677   0.676
 64/C/STO7.68/1s             0.002   0.002
 64/C/STO2.1/2s              0.227   0.227
 64/C/STO4.6/2s             -0.015  -0.015
 64/C/STO0.82/2p_y          -0.196  -0.196
 64/C/STO0.82/2p_z          -0.099  -0.099
 64/C/STO0.82/2p_x          -0.199  -0.198
 64/C/STO2.94/2p_y          -0.018  -0.018
 64/C/STO2.94/2p_z          -0.013  -0.013
 64/C/STO2.94/2p_x          -0.019  -0.018
 64/C/STO2.2/3d_xy           0.012   0.012
 64/C/STO2.2/3d_yz           0.006   0.006
 64/C/STO2.2/3d_z2           0.002   0.002
 64/C/STO2.2/3d_xz           0.006   0.007
 64/C/STO2.2/3d_x2-y2        0.012   0.012
                    -------------
 Charge on atom              3.001   3.012
 
 65/C/NO/1s                  0.995   0.995
 65/C/NO/2s                  0.337   0.337
 65/C/NO/2p_y                0.679   0.680
 65/C/NO/2p_z                0.607   0.606
 65/C/NO/2p_x                0.679   0.679
 65/C/STO7.68/1s             0.003   0.003
 65/C/STO2.1/2s              0.231   0.231
 65/C/STO4.6/2s             -0.015  -0.015
 65/C/STO0.82/2p_y          -0.200  -0.200
 65/C/STO0.82/2p_z          -0.100  -0.100
 65/C/STO0.82/2p_x          -0.199  -0.199
 65/C/STO2.94/2p_y          -0.019  -0.019
 65/C/STO2.94/2p_z          -0.013  -0.013
 65/C/STO2.94/2p_x          -0.019  -0.019
 65/C/STO2.2/3d_xy           0.012   0.012
 65/C/STO2.2/3d_yz           0.007   0.006
 65/C/STO2.2/3d_z2           0.002   0.002
 65/C/STO2.2/3d_xz           0.006   0.007
 65/C/STO2.2/3d_x2-y2        0.012   0.012
                    -------------
 Charge on atom              3.005   3.004
 
 66/C/NO/1s                  0.995   0.995
 66/C/NO/2s                  0.338   0.337
 66/C/NO/2p_y                0.681   0.682
 66/C/NO/2p_z                0.609   0.584
 66/C/NO/2p_x                0.681   0.682
 66/C/STO7.68/1s             0.003   0.002
 66/C/STO2.1/2s              0.232   0.232
 66/C/STO4.6/2s             -0.015  -0.015
 66/C/STO0.82/2p_y          -0.199  -0.200
 66/C/STO0.82/2p_z          -0.101  -0.102
 66/C/STO0.82/2p_x          -0.199  -0.202
 66/C/STO2.94/2p_y          -0.018  -0.019
 66/C/STO2.94/2p_z          -0.013  -0.013
 66/C/STO2.94/2p_x          -0.019  -0.019
 66/C/STO2.2/3d_xy           0.012   0.012
 66/C/STO2.2/3d_yz           0.007   0.007
 66/C/STO2.2/3d_z2           0.002   0.003
 66/C/STO2.2/3d_xz           0.007   0.006
 66/C/STO2.2/3d_x2-y2        0.012   0.012
                    -------------
 Charge on atom              3.015   2.985
 
 67/C/NO/1s                  0.995   0.995
 67/C/NO/2s                  0.328   0.329
 67/C/NO/2p_y                0.681   0.680
 67/C/NO/2p_z                0.610   0.612
 67/C/NO/2p_x                0.680   0.681
 67/C/STO7.68/1s             0.003   0.003
 67/C/STO2.1/2s              0.236   0.235
 67/C/STO4.6/2s             -0.016  -0.015
 67/C/STO0.82/2p_y          -0.199  -0.197
 67/C/STO0.82/2p_z          -0.102  -0.102
 67/C/STO0.82/2p_x          -0.203  -0.204
 67/C/STO2.94/2p_y          -0.019  -0.019
 67/C/STO2.94/2p_z          -0.013  -0.013
 67/C/STO2.94/2p_x          -0.019  -0.019
 67/C/STO2.2/3d_xy           0.012   0.012
 67/C/STO2.2/3d_yz           0.007   0.007
 67/C/STO2.2/3d_z2           0.003   0.003
 67/C/STO2.2/3d_xz           0.007   0.006
 67/C/STO2.2/3d_x2-y2        0.012   0.012
                    -------------
 Charge on atom              3.001   3.006
 
 68/C/NO/1s                  0.995   0.995
 68/C/NO/2s                  0.328   0.330
 68/C/NO/2p_y                0.679   0.679
 68/C/NO/2p_z                0.599   0.609
 68/C/NO/2p_x                0.683   0.684
 68/C/STO7.68/1s             0.003   0.003
 68/C/STO2.1/2s              0.236   0.236
 68/C/STO4.6/2s             -0.016  -0.016
 68/C/STO0.82/2p_y          -0.199  -0.196
 68/C/STO0.82/2p_z          -0.102  -0.101
 68/C/STO0.82/2p_x          -0.204  -0.204
 68/C/STO2.94/2p_y          -0.018  -0.018
 68/C/STO2.94/2p_z          -0.013  -0.013
 68/C/STO2.94/2p_x          -0.019  -0.019
 68/C/STO2.2/3d_xy           0.012   0.012
 68/C/STO2.2/3d_yz           0.007   0.007
 68/C/STO2.2/3d_z2           0.003   0.002
 68/C/STO2.2/3d_xz           0.007   0.006
 68/C/STO2.2/3d_x2-y2        0.012   0.012
                    -------------
 Charge on atom              2.993   3.007
 
 69/C/NO/1s                  0.994   0.995
 69/C/NO/2s                  0.328   0.328
 69/C/NO/2p_y                0.688   0.688
 69/C/NO/2p_z                0.614   0.590
 69/C/NO/2p_x                0.680   0.682
 69/C/STO7.68/1s             0.003   0.003
 69/C/STO2.1/2s              0.239   0.238
 69/C/STO4.6/2s             -0.016  -0.016
 69/C/STO0.82/2p_y          -0.204  -0.206
 69/C/STO0.82/2p_z          -0.099  -0.099
 69/C/STO0.82/2p_x          -0.203  -0.205
 69/C/STO2.94/2p_y          -0.019  -0.019
 69/C/STO2.94/2p_z          -0.013  -0.013
 69/C/STO2.94/2p_x          -0.018  -0.019
 69/C/STO2.2/3d_xy           0.013   0.013
 69/C/STO2.2/3d_yz           0.007   0.007
 69/C/STO2.2/3d_z2           0.003   0.003
 69/C/STO2.2/3d_xz           0.007   0.006
 69/C/STO2.2/3d_x2-y2        0.012   0.012
                    -------------
 Charge on atom              3.016   2.987
 
 70/C/NO/1s                  0.995   0.995
 70/C/NO/2s                  0.328   0.329
 70/C/NO/2p_y                0.679   0.679
 70/C/NO/2p_z                0.610   0.612
 70/C/NO/2p_x                0.682   0.681
 70/C/STO7.68/1s             0.003   0.003
 70/C/STO2.1/2s              0.236   0.235
 70/C/STO4.6/2s             -0.016  -0.015
 70/C/STO0.82/2p_y          -0.202  -0.202
 70/C/STO0.82/2p_z          -0.102  -0.102
 70/C/STO0.82/2p_x          -0.200  -0.199
 70/C/STO2.94/2p_y          -0.019  -0.019
 70/C/STO2.94/2p_z          -0.013  -0.013
 70/C/STO2.94/2p_x          -0.019  -0.018
 70/C/STO2.2/3d_xy           0.012   0.012
 70/C/STO2.2/3d_yz           0.007   0.006
 70/C/STO2.2/3d_z2           0.003   0.003
 70/C/STO2.2/3d_xz           0.007   0.007
 70/C/STO2.2/3d_x2-y2        0.012   0.012
                    -------------
 Charge on atom              3.001   3.006
 
 32/N/NO/1s                  0.998   0.998
 32/N/NO/2s                  0.736   0.717
 32/N/NO/2p_y                0.675   0.670
 32/N/NO/2p_z                0.708   0.704
 32/N/NO/2p_x                0.699   0.689
 32/N/STO8.74/1s             0.001   0.001
 32/N/STO5.15/2s            -0.003  -0.004
 32/N/STO2.5/2s              0.039   0.048
 32/N/STO3.68/2p_y          -0.006  -0.006
 32/N/STO3.68/2p_z          -0.003  -0.003
 32/N/STO3.68/2p_x          -0.001  -0.002
 32/N/STO1/2p_y             -0.080  -0.081
 32/N/STO1/2p_z             -0.006  -0.011
 32/N/STO1/2p_x             -0.001  -0.018
 32/N/STO2.2/3d_xy           0.008   0.010
 32/N/STO2.2/3d_yz           0.007   0.008
 32/N/STO2.2/3d_z2           0.003   0.003
 32/N/STO2.2/3d_xz           0.005   0.007
 32/N/STO2.2/3d_x2-y2        0.010   0.011
                    -------------
 Charge on atom              3.788   3.741
 
 44/N/NO/1s                  0.998   0.998
 44/N/NO/2s                  0.737   0.718
 44/N/NO/2p_y                0.711   0.699
 44/N/NO/2p_z                0.708   0.704
 44/N/NO/2p_x                0.662   0.660
 44/N/STO8.74/1s             0.002   0.001
 44/N/STO5.15/2s            -0.003  -0.004
 44/N/STO2.5/2s              0.038   0.047
 44/N/STO3.68/2p_y           0.000  -0.001
 44/N/STO3.68/2p_z          -0.003  -0.003
 44/N/STO3.68/2p_x          -0.007  -0.007
 44/N/STO1/2p_y              0.016  -0.001
 44/N/STO1/2p_z             -0.006  -0.011
 44/N/STO1/2p_x             -0.096  -0.097
 44/N/STO2.2/3d_xy           0.010   0.012
 44/N/STO2.2/3d_yz           0.004   0.005
 44/N/STO2.2/3d_z2           0.003   0.003
 44/N/STO2.2/3d_xz           0.008   0.009
 44/N/STO2.2/3d_x2-y2        0.008   0.008
                    -------------
 Charge on atom              3.789   3.742
 
 45/N/NO/1s                  0.998   0.998
 45/N/NO/2s                  0.737   0.718
 45/N/NO/2p_y                0.711   0.699
 45/N/NO/2p_z                0.708   0.704
 45/N/NO/2p_x                0.662   0.660
 45/N/STO8.74/1s             0.002   0.001
 45/N/STO5.15/2s            -0.003  -0.004
 45/N/STO2.5/2s              0.038   0.047
 45/N/STO3.68/2p_y           0.000  -0.001
 45/N/STO3.68/2p_z          -0.003  -0.003
 45/N/STO3.68/2p_x          -0.007  -0.007
 45/N/STO1/2p_y              0.016  -0.001
 45/N/STO1/2p_z             -0.006  -0.011
 45/N/STO1/2p_x             -0.096  -0.097
 45/N/STO2.2/3d_xy           0.010   0.012
 45/N/STO2.2/3d_yz           0.004   0.005
 45/N/STO2.2/3d_z2           0.003   0.003
 45/N/STO2.2/3d_xz           0.008   0.009
 45/N/STO2.2/3d_x2-y2        0.008   0.008
                    -------------
 Charge on atom              3.789   3.742
 
 57/N/NO/1s                  0.998   0.998
 57/N/NO/2s                  0.736   0.717
 57/N/NO/2p_y                0.675   0.670
 57/N/NO/2p_z                0.708   0.704
 57/N/NO/2p_x                0.699   0.689
 57/N/STO8.74/1s             0.001   0.001
 57/N/STO5.15/2s            -0.003  -0.004
 57/N/STO2.5/2s              0.039   0.048
 57/N/STO3.68/2p_y          -0.006  -0.006
 57/N/STO3.68/2p_z          -0.003  -0.003
 57/N/STO3.68/2p_x          -0.001  -0.002
 57/N/STO1/2p_y             -0.080  -0.081
 57/N/STO1/2p_z             -0.006  -0.011
 57/N/STO1/2p_x             -0.001  -0.018
 57/N/STO2.2/3d_xy           0.008   0.010
 57/N/STO2.2/3d_yz           0.007   0.008
 57/N/STO2.2/3d_z2           0.003   0.003
 57/N/STO2.2/3d_xz           0.005   0.007
 57/N/STO2.2/3d_x2-y2        0.010   0.011
                    -------------
 Charge on atom              3.788   3.741
 
 71/Mn/NO/1s                 1.000   1.000
 71/Mn/NO/2s                 1.002   0.998
 71/Mn/NO/2p_y               1.002   0.998
 71/Mn/NO/2p_z               1.002   0.999
 71/Mn/NO/2p_x               1.003   0.998
 71/Mn/NO/3s                 0.984   0.982
 71/Mn/NO/3p_y               0.985   0.994
 71/Mn/NO/3p_z               0.976   0.987
 71/Mn/NO/3p_x               0.987   0.998
 71/Mn/NO/4s                -0.061  -0.005
 71/Mn/NO/3d_xy              0.101   0.828
 71/Mn/NO/3d_yz              0.350   0.921
 71/Mn/NO/3d_z2              0.414   0.585
 71/Mn/NO/3d_xz              0.321   0.930
 71/Mn/NO/3d_x2-y2           0.251   0.548
 71/Mn/STO29.65/1s          -0.000  -0.000
 71/Mn/STO6.75/2s            0.000   0.002
 71/Mn/STO13.8/2p_y         -0.000   0.000
 71/Mn/STO13.8/2p_z         -0.001  -0.000
 71/Mn/STO13.8/2p_x         -0.000   0.000
 71/Mn/STO5.65/3s           -0.003   0.005
 71/Mn/STO5.95/3p_y         -0.001  -0.002
 71/Mn/STO5.95/3p_z          0.005   0.004
 71/Mn/STO5.95/3p_x         -0.002  -0.003
 71/Mn/STO2.7/3p_y           0.029   0.030
 71/Mn/STO2.7/3p_z           0.024   0.020
 71/Mn/STO2.7/3p_x           0.029   0.028
 71/Mn/STO5.95/3d_xy         0.000   0.002
 71/Mn/STO5.95/3d_yz         0.003   0.004
 71/Mn/STO5.95/3d_z2        -0.000  -0.000
 71/Mn/STO5.95/3d_xz         0.002   0.003
 71/Mn/STO5.95/3d_x2-y2      0.000   0.001
 71/Mn/STO1.32/3d_xy         0.026   0.028
 71/Mn/STO1.32/3d_yz         0.036   0.024
 71/Mn/STO1.32/3d_z2         0.028   0.026
 71/Mn/STO1.32/3d_xz         0.032   0.018
 71/Mn/STO1.32/3d_x2-y2      0.039   0.039
 71/Mn/STO2.2/4s             0.101   0.121
 71/Mn/STO0.88/4s            0.020   0.012
 71/Mn/STO1.35/4p_y         -0.015   0.009
 71/Mn/STO1.35/4p_z          0.069   0.086
 71/Mn/STO1.35/4p_x         -0.019   0.004
                    -------------
 Charge on atom             10.719  13.220
 
 72/H/NO/1s                  0.860   0.628
 72/H/STO0.69/1s            -0.263  -0.204
 72/H/STO1.58/1s            -0.000   0.026
 72/H/STO1.25/2p_y           0.005   0.005
 72/H/STO1.25/2p_z           0.006   0.007
 72/H/STO1.25/2p_x           0.005   0.005
                    -------------
 Charge on atom              0.612   0.467
 
 Total charge              224.000 226.000


 ATOM/ATOM OVERLAP MATRIX
 (OFF-DIAGONAL ELEMENTS HALF OF OVERLAP POPULATION)
 (order of atoms as on input)

              ** SPIN 1
 ATOM         CORE    1       2       3       4       5       6       7       8       9
           -------------------------------------------------------------------------------
   0)
      1 :  0.0000
   1)
      1 :  0.0000  2.3682
   2)
      1 :  0.0000  0.2548  2.3749
   3)
      1 :  0.0000 -0.0075 -0.0185  2.3654
   4)
      1 :  0.0000 -0.0191 -0.0095  0.2550  2.3945
   5)
      1 :  0.0000  0.0007  0.0005 -0.0117 -0.0025  2.3761
   6)
      1 :  0.0000 -0.0010  0.0007  0.2373 -0.0105  0.2519  2.3738
   7)
      1 :  0.0000 -0.0000  0.0000 -0.0007 -0.0001 -0.0096 -0.0016  2.3870
   8)
      1 :  0.0000  0.0001  0.0000 -0.0024 -0.0008  0.2485 -0.0083  0.2506  2.3595
   9)
      1 :  0.0000  0.0000  0.0003 -0.0001 -0.0001 -0.0008 -0.0002 -0.0094 -0.0018  2.3595
  10)
      1 :  0.0000 -0.0000  0.0000 -0.0001 -0.0001 -0.0022 -0.0007  0.2510 -0.0094  0.2506
     11 :  2.3870
  11)
      1 :  0.0000  0.0007 -0.0152 -0.0008 -0.0019 -0.0002 -0.0002 -0.0007 -0.0002 -0.0083
     11 : -0.0016  2.3738
  12)
      1 :  0.0000  0.0001  0.0005 -0.0001 -0.0006 -0.0001 -0.0002 -0.0022 -0.0008  0.2485
     11 : -0.0096  0.2519  2.3761
  13)
      1 :  0.0000 -0.0075  0.2524 -0.0128  0.2353 -0.0006 -0.0019 -0.0001 -0.0001 -0.0008
     11 : -0.0001 -0.0105 -0.0025  2.3945
  14)
      1 :  0.0000 -0.0016 -0.0091 -0.0024 -0.0128 -0.0001 -0.0008 -0.0001 -0.0001 -0.0024
     11 : -0.0007  0.2373 -0.0117  0.2550  2.3654
  15)
      1 :  0.0000  0.0007 -0.0021 -0.0091  0.2524  0.0005 -0.0152  0.0000  0.0003  0.0000
     11 :  0.0000  0.0007  0.0005 -0.0095 -0.0185  2.3749
  16)
      1 :  0.0000  0.0003  0.0007 -0.0016 -0.0075  0.0001  0.0007 -0.0000  0.0000  0.0001
     11 : -0.0000 -0.0010  0.0007 -0.0191 -0.0075  0.2548  2.3682
  17)
      1 :  0.0000 -0.0006  0.0004 -0.0075 -0.0176 -0.0101  0.2523  0.0001 -0.0155 -0.0000
     11 :  0.0004  0.0001  0.0002 -0.0002  0.0006 -0.0123 -0.0021  2.4152
  18)
      1 :  0.0000  0.0002 -0.0008 -0.0181 -0.0110 -0.0011 -0.0104  0.0002  0.0013 -0.0000
     11 :  0.0000  0.0002  0.0000 -0.0001  0.0007  0.2347 -0.0119  0.2447  2.4005
  19)
      1 :  0.0000  0.0001  0.0001  0.0009  0.0004 -0.0097 -0.0183 -0.0105  0.2524  0.0010
     11 : -0.0180  0.0000  0.0004 -0.0000  0.0001 -0.0000 -0.0000 -0.0112 -0.0031  2.3730
  20)
      1 :  0.0000 -0.0001 -0.0001 -0.0005  0.0008 -0.0167 -0.0100 -0.0017 -0.0120  0.0003
     11 :  0.0008  0.0000  0.0000  0.0001  0.0000 -0.0030 -0.0008  0.2354 -0.0123  0.2452
     21 :  2.4000
  21)
      1 :  0.0000  0.0001  0.0001  0.0000  0.0000  0.0007  0.0006 -0.0095 -0.0188 -0.0106
     11 :  0.2500  0.0006 -0.0171 -0.0000  0.0002 -0.0001 -0.0001 -0.0010 -0.0002 -0.0084
     21 : -0.0010  2.3596
  22)
      1 :  0.0000 -0.0000  0.0001  0.0001 -0.0000 -0.0024  0.0008 -0.0179 -0.0085 -0.0027
     11 : -0.0105  0.0002  0.0009 -0.0000 -0.0000 -0.0001 -0.0001 -0.0021 -0.0008  0.2520
     21 : -0.0109  0.2530  2.3726
  23)
      1 :  0.0000  0.0000  0.0004  0.0000  0.0003  0.0000  0.0001  0.0006  0.0004 -0.0091
     11 : -0.0191 -0.0116  0.2533  0.0006 -0.0155 -0.0008 -0.0020 -0.0002 -0.0001 -0.0006
     21 : -0.0001 -0.0090 -0.0015  2.3902
  24)
      1 :  0.0000 -0.0000  0.0000 -0.0000  0.0000  0.0001  0.0000 -0.0022  0.0007 -0.0171
     11 : -0.0098 -0.0028 -0.0124  0.0002  0.0005 -0.0002 -0.0006 -0.0001 -0.0001 -0.0024
     21 : -0.0005  0.2484 -0.0096  0.2537  2.3764
  25)
      1 :  0.0000 -0.0005 -0.0024  0.0006 -0.0160  0.0000  0.0004  0.0000  0.0001  0.0006
     11 :  0.0004 -0.0106 -0.0178 -0.0088  0.2541 -0.0111  0.2389 -0.0007 -0.0014 -0.0001
     21 : -0.0002 -0.0006 -0.0001 -0.0100 -0.0018  2.3768
  26)
      1 :  0.0000 -0.0001 -0.0007  0.0002  0.0005 -0.0000  0.0000  0.0001  0.0000 -0.0019
     11 :  0.0007 -0.0172 -0.0095 -0.0021 -0.0089 -0.0015 -0.0097 -0.0003 -0.0006 -0.0001
     21 : -0.0002 -0.0019 -0.0008  0.2399 -0.0095  0.2521  2.3861
  27)
      1 :  0.0000 -0.0000  0.0002 -0.0006 -0.0019 -0.0000  0.0004  0.0001  0.0001 -0.0000
     11 :  0.0001 -0.0005  0.0004  0.0006 -0.0015 -0.0096  0.2476 -0.0003 -0.0202 -0.0000
     21 :  0.0002 -0.0000  0.0000  0.0009  0.0004 -0.0100 -0.0192  2.4053
  28)
      1 :  0.0000  0.0001  0.0000 -0.0001 -0.0005 -0.0000  0.0000 -0.0000  0.0001 -0.0001
     11 : -0.0000  0.0002 -0.0006  0.0005  0.0004 -0.0021 -0.0067  0.0000  0.0006 -0.0000
     21 :  0.0000  0.0001  0.0001 -0.0019  0.0007 -0.0163 -0.0098  0.2480  2.3681
  29)
      1 :  0.0000  0.0000 -0.0001  0.0002 -0.0022 -0.0001 -0.0008 -0.0001  0.0002  0.0000
     11 :  0.0001 -0.0001 -0.0000 -0.0002  0.0003 -0.0088 -0.0181 -0.0121  0.2544 -0.0010
     21 : -0.0161 -0.0001 -0.0000  0.0001  0.0002  0.0003  0.0006 -0.0072 -0.0021  2.3154
  30)
      1 :  0.0000  0.0001 -0.0001  0.0006 -0.0001 -0.0001 -0.0009 -0.0001 -0.0001 -0.0000
     11 :  0.0001 -0.0000  0.0000  0.0001 -0.0004 -0.0210 -0.0134  0.0004  0.0008 -0.0001
     21 :  0.0020 -0.0000  0.0000  0.0001  0.0000 -0.0002  0.0005  0.2314 -0.0134  0.2481
     31 :  2.4385
  31)
      1 :  0.0000 -0.0001 -0.0001 -0.0001  0.0005  0.0007  0.0000 -0.0002 -0.0030  0.0000
     11 :  0.0004  0.0000 -0.0000 -0.0001  0.0001 -0.0001  0.0001 -0.0143 -0.0187 -0.0082
     21 :  0.2690  0.0009 -0.0209  0.0001  0.0006  0.0000  0.0002  0.0006 -0.0000 -0.0035
     31 : -0.0036  2.3301
  32)
      1 :  0.0000 -0.0001  0.0001 -0.0002 -0.0003 -0.0003  0.0000 -0.0001 -0.0001  0.0000
     11 : -0.0000 -0.0000 -0.0000 -0.0000 -0.0001  0.0027  0.0023 -0.0237 -0.0262  0.0017
     21 : -0.0329  0.0004  0.0025  0.0000  0.0000  0.0003  0.0001  0.0014 -0.0002  0.1961
     31 : -0.0161  0.1476  3.4902
  33)
      1 :  0.0000  0.0000  0.0001 -0.0000  0.0001 -0.0005  0.0005  0.0008 -0.0010 -0.0007
     11 : -0.0016  0.0000  0.0003  0.0001  0.0000  0.0001  0.0001  0.0010  0.0007 -0.0111
     21 : -0.0252 -0.0119  0.2447 -0.0003 -0.0168  0.0000  0.0003 -0.0000 -0.0001  0.0010
     31 : -0.0001  0.0033  0.0025  2.4007
  34)
      1 :  0.0000 -0.0000 -0.0002 -0.0002 -0.0000  0.0006 -0.0010  0.0004  0.0009 -0.0002
     11 : -0.0002  0.0000 -0.0000 -0.0001  0.0000 -0.0001  0.0000 -0.0003  0.0025 -0.0209
     21 :  0.0033 -0.0030 -0.0081 -0.0001  0.0007 -0.0000  0.0000  0.0001 -0.0001 -0.0044
     31 : -0.0011  0.2464 -0.0207  0.2693  2.3293
  35)
      1 :  0.0000  0.0000  0.0000  0.0001  0.0001  0.0000  0.0001 -0.0007  0.0006  0.0006
     11 : -0.0016 -0.0007 -0.0027  0.0000  0.0004 -0.0000  0.0002  0.0000  0.0001  0.0008
     21 :  0.0005 -0.0085 -0.0183 -0.0116  0.2515  0.0008 -0.0173 -0.0005 -0.0010 -0.0002
     31 : -0.0000 -0.0011 -0.0002 -0.0099 -0.0000  2.3740
  36)
      1 :  0.0000  0.0000 -0.0000 -0.0000  0.0001 -0.0001  0.0000  0.0004 -0.0010  0.0005
     11 :  0.0001 -0.0002 -0.0006 -0.0000  0.0000 -0.0000  0.0000  0.0004  0.0000 -0.0021
     21 :  0.0010 -0.0155 -0.0113 -0.0025 -0.0100  0.0002  0.0007 -0.0002 -0.0006  0.0001
     31 : -0.0001 -0.0003  0.0002  0.2355 -0.0143  0.2529  2.4150
  37)
      1 :  0.0000 -0.0001 -0.0001  0.0000  0.0005  0.0001  0.0001  0.0000  0.0001 -0.0006
     11 :  0.0004  0.0007 -0.0018 -0.0007 -0.0031  0.0005 -0.0163  0.0000  0.0004  0.0000
     21 :  0.0001  0.0006  0.0004 -0.0101 -0.0178 -0.0114  0.2521 -0.0100  0.2384 -0.0007
     31 : -0.0002 -0.0002 -0.0002 -0.0002 -0.0001 -0.0105 -0.0017  2.3767
  38)
      1 :  0.0000 -0.0001 -0.0001 -0.0000  0.0001 -0.0000  0.0001 -0.0001  0.0000  0.0002
     11 : -0.0007  0.0004  0.0005 -0.0001 -0.0006  0.0002  0.0004 -0.0000 -0.0000  0.0001
     21 : -0.0000 -0.0024  0.0009 -0.0155 -0.0118 -0.0031 -0.0088 -0.0015 -0.0074 -0.0002
     31 : -0.0004 -0.0002 -0.0000 -0.0005 -0.0001  0.2370 -0.0073  0.2547  2.3650
  39)
      1 :  0.0000  0.0000 -0.0000 -0.0001 -0.0001  0.0000  0.0000  0.0000  0.0001 -0.0001
     11 :  0.0000 -0.0000 -0.0002  0.0000  0.0002 -0.0005 -0.0021 -0.0000  0.0004  0.0001
     21 :  0.0001  0.0000  0.0001 -0.0008  0.0005  0.0005 -0.0014 -0.0096  0.2547  0.0004
     31 : -0.0210 -0.0002 -0.0001 -0.0001 -0.0001  0.0007  0.0004 -0.0113 -0.0185  2.3753
  40)
      1 :  0.0000  0.0005  0.0000 -0.0001 -0.0001  0.0002  0.0000 -0.0001 -0.0000  0.0000
     11 : -0.0001  0.0001  0.0000  0.0001  0.0001 -0.0001 -0.0005 -0.0000  0.0001 -0.0000
     21 :  0.0001 -0.0001 -0.0000  0.0003 -0.0006  0.0005  0.0005 -0.0020 -0.0074 -0.0002
     31 : -0.0001 -0.0001 -0.0001  0.0001 -0.0001 -0.0019 -0.0002 -0.0160 -0.0129  0.2529
     41 :  2.3943
  41)
      1 :  0.0000  0.0000 -0.0001  0.0001 -0.0002 -0.0001 -0.0001 -0.0001 -0.0001 -0.0001
     11 :  0.0001 -0.0002  0.0002 -0.0001 -0.0002  0.0004 -0.0021  0.0002  0.0002  0.0001
     21 :  0.0002  0.0000  0.0000  0.0001 -0.0000 -0.0007  0.0006 -0.0071 -0.0182 -0.0006
     31 :  0.2483 -0.0037 -0.0126  0.0002  0.0001 -0.0001  0.0001  0.0003  0.0003 -0.0088
     41 : -0.0022  2.3147
  42)
      1 :  0.0000  0.0000  0.0000  0.0001  0.0001 -0.0001 -0.0001  0.0002  0.0000 -0.0002
     11 :  0.0000  0.0001 -0.0001  0.0001 -0.0000  0.0004  0.0006  0.0003  0.0008 -0.0000
     21 : -0.0001 -0.0000  0.0001 -0.0001  0.0000  0.0004 -0.0006 -0.0203 -0.0121  0.0001
     31 :  0.0010 -0.0011 -0.0013  0.0000  0.0002  0.0002  0.0001 -0.0014  0.0007  0.2341
     41 : -0.0110  0.2550  2.4001
  43)
      1 :  0.0000 -0.0119  0.2347  0.0007 -0.0001  0.0000  0.0002  0.0000 -0.0000  0.0013
     11 :  0.0002 -0.0104 -0.0011 -0.0110 -0.0181 -0.0008  0.0002  0.0001 -0.0001  0.0001
     21 :  0.0000  0.0000 -0.0000 -0.0003 -0.0001 -0.0004  0.0004 -0.0000  0.0000 -0.0003
     31 :  0.0001  0.0002  0.0001 -0.0001 -0.0011 -0.0001  0.0003  0.0000  0.0001  0.0000
     41 :  0.0001 -0.0003  0.0001  2.4005
  44)
      1 :  0.0000  0.0000 -0.0001 -0.0000 -0.0001 -0.0000 -0.0000 -0.0001  0.0001  0.0004
     11 : -0.0000 -0.0002  0.0000 -0.0000 -0.0000 -0.0001 -0.0002 -0.0001 -0.0013 -0.0001
     21 : -0.0008  0.0000  0.0001  0.0000 -0.0000 -0.0002  0.0001  0.0014  0.0023 -0.0126
     31 : -0.0162  0.0023  0.0048  0.0005  0.0053 -0.0000 -0.0001  0.0003 -0.0001  0.0027
     41 : -0.0003  0.1955 -0.0263 -0.0005  3.4922
  45)
      1 :  0.0000 -0.0002 -0.0001 -0.0000 -0.0000  0.0000 -0.0002 -0.0000  0.0004  0.0001
     11 : -0.0001 -0.0000 -0.0000 -0.0001 -0.0000 -0.0001  0.0000  0.0001 -0.0005  0.0025
     21 :  0.0025 -0.0001  0.0017 -0.0001 -0.0003 -0.0000 -0.0000 -0.0002 -0.0001  0.0009
     31 : -0.0002 -0.0208  0.0029 -0.0329  0.1477  0.0000 -0.0237 -0.0000 -0.0002  0.0001
     41 : -0.0000 -0.0011  0.0001 -0.0013 -0.0243  3.4922
  46)
      1 :  0.0000 -0.0021 -0.0123  0.0006 -0.0002  0.0002  0.0001  0.0004 -0.0000 -0.0155
     11 :  0.0001  0.2523 -0.0101 -0.0176 -0.0075  0.0004 -0.0006 -0.0001  0.0001  0.0001
     21 :  0.0000  0.0005  0.0000 -0.0025 -0.0006 -0.0016  0.0006 -0.0002  0.0000  0.0001
     31 : -0.0001  0.0000 -0.0001 -0.0000 -0.0001 -0.0002 -0.0000  0.0002  0.0000 -0.0000
     41 :  0.0001  0.0001  0.0000  0.2447  0.0001 -0.0001  2.4152
  47)
      1 :  0.0000  0.0006  0.0004 -0.0000  0.0001 -0.0001  0.0001  0.0000 -0.0002  0.0000
     11 :  0.0002 -0.0001 -0.0001  0.0001  0.0001  0.0000  0.0000  0.0000  0.0001 -0.0008
     21 :  0.0007  0.0013 -0.0031 -0.0003 -0.0011  0.0000  0.0004  0.0000  0.0002 -0.0003
     31 :  0.0001  0.0025 -0.0005 -0.0124 -0.0186 -0.0102  0.2444 -0.0004 -0.0180 -0.0008
     41 : -0.0001 -0.0003 -0.0001  0.0008  0.0001 -0.0263  0.0003  2.4001
  48)
      1 :  0.0000 -0.0021  0.0004 -0.0002 -0.0001  0.0002 -0.0002  0.0001 -0.0001 -0.0001
     11 : -0.0001 -0.0001 -0.0001 -0.0002  0.0001 -0.0001  0.0000  0.0001 -0.0003 -0.0000
     21 :  0.0010  0.0002 -0.0010 -0.0001 -0.0001 -0.0000  0.0000  0.0000  0.0000 -0.0012
     31 :  0.0001 -0.0044  0.0009 -0.0162 -0.0036 -0.0007 -0.0121 -0.0003  0.0002 -0.0001
     41 : -0.0002 -0.0006 -0.0003  0.0002 -0.0011  0.1955  0.0002  0.2550  2.3147
  49)
      1 :  0.0000 -0.0005 -0.0001  0.0001  0.0001  0.0000  0.0001 -0.0001  0.0000 -0.0000
     11 : -0.0001  0.0000  0.0002 -0.0001 -0.0001  0.0000  0.0005  0.0001  0.0001 -0.0000
     21 :  0.0001 -0.0008  0.0004  0.0006 -0.0025 -0.0007 -0.0022  0.0006 -0.0191 -0.0001
     31 :  0.0001 -0.0000 -0.0000  0.0008  0.0005 -0.0106 -0.0175 -0.0087  0.2548 -0.0095
     41 :  0.2349 -0.0002 -0.0001  0.0001 -0.0000 -0.0003 -0.0000 -0.0110 -0.0022  2.3943
  50)
      1 :  0.0000 -0.0021 -0.0005  0.0002  0.0000 -0.0002 -0.0000  0.0000 -0.0001  0.0001
     11 :  0.0000  0.0000  0.0000 -0.0001 -0.0001 -0.0000  0.0000 -0.0000  0.0000 -0.0001
     21 :  0.0001  0.0003 -0.0000  0.0004  0.0005 -0.0001 -0.0007  0.0002  0.0007 -0.0001
     31 : -0.0001 -0.0001 -0.0001 -0.0030 -0.0001 -0.0153 -0.0125 -0.0024 -0.0090 -0.0021
     41 : -0.0095 -0.0001 -0.0008  0.0004  0.0001  0.0027 -0.0000  0.2341 -0.0088  0.2529
     51 :  2.3753
  51)
      1 :  0.0000  0.0004  0.0002 -0.0006 -0.0001  0.0005  0.0004 -0.0007  0.0002  0.0000
     11 : -0.0001  0.0001 -0.0000  0.0001 -0.0000 -0.0001 -0.0001  0.0000  0.0001 -0.0000
     21 :  0.0000 -0.0001  0.0001  0.0000 -0.0001  0.0000  0.0002 -0.0006 -0.0016  0.0001
     31 :  0.0006  0.0000 -0.0000  0.0000  0.0001 -0.0008  0.0006  0.0006 -0.0024 -0.0090
     41 :  0.2548  0.0002 -0.0180 -0.0000 -0.0002 -0.0001 -0.0000  0.0007  0.0003 -0.0129
     51 : -0.0185  2.3650
  52)
      1 :  0.0000 -0.0163  0.0005 -0.0031 -0.0007 -0.0018  0.0007  0.0004 -0.0006  0.0001
     11 :  0.0000  0.0001  0.0001  0.0005  0.0000 -0.0001 -0.0001  0.0002  0.0000 -0.0001
     21 :  0.0000  0.0001 -0.0001  0.0001  0.0000  0.0001  0.0000 -0.0001 -0.0005 -0.0000
     31 :  0.0001 -0.0000 -0.0000 -0.0002  0.0000  0.0004 -0.0007  0.0004  0.0006 -0.0024
     41 : -0.0087 -0.0003 -0.0004  0.0004 -0.0000  0.0003  0.0000 -0.0014  0.0003 -0.0160
     51 : -0.0113  0.2547  2.3767
  53)
      1 :  0.0000  0.0000 -0.0000  0.0000 -0.0000 -0.0006 -0.0002  0.0001  0.0005 -0.0010
     11 :  0.0004  0.0000 -0.0001  0.0001 -0.0000 -0.0000  0.0000 -0.0000  0.0003  0.0000
     21 : -0.0000 -0.0000  0.0001 -0.0002  0.0002  0.0000 -0.0003 -0.0003 -0.0020  0.0002
     31 :  0.0004 -0.0001 -0.0001  0.0000  0.0000  0.0001 -0.0001 -0.0007  0.0006 -0.0125
     41 : -0.0175 -0.0121  0.2444  0.0000 -0.0237 -0.0001  0.0004  0.0001  0.0001 -0.0002
     51 :  0.0004 -0.0073 -0.0017  2.4150
  54)
      1 :  0.0000  0.0002 -0.0000  0.0004  0.0000 -0.0027 -0.0007 -0.0016  0.0006  0.0006
     11 : -0.0007  0.0001  0.0000  0.0001  0.0001  0.0000  0.0000 -0.0002 -0.0001  0.0002
     21 :  0.0000 -0.0002  0.0000  0.0001 -0.0002  0.0001  0.0000  0.0004  0.0007 -0.0001
     31 : -0.0009  0.0000 -0.0000  0.0000  0.0000 -0.0002  0.0001  0.0004 -0.0008 -0.0153
     41 : -0.0106 -0.0007 -0.0102  0.0001  0.0000 -0.0000  0.0000  0.0002 -0.0001 -0.0019
     51 :  0.0007  0.2370 -0.0105  0.2529  2.3740
  55)
      1 :  0.0000  0.0000 -0.0001  0.0000 -0.0001 -0.0000  0.0000 -0.0002 -0.0002  0.0009
     11 :  0.0004 -0.0010  0.0006 -0.0000 -0.0002 -0.0002 -0.0000 -0.0001 -0.0011 -0.0001
     21 :  0.0004  0.0000  0.0000  0.0001 -0.0000 -0.0002  0.0002  0.0006  0.0001 -0.0037
     31 : -0.0036  0.0008  0.0023 -0.0003 -0.0017  0.0000  0.0000  0.0000  0.0001 -0.0001
     41 :  0.0005 -0.0036 -0.0186  0.0025  0.1477  0.0053 -0.0003  0.0002  0.0001 -0.0001
     51 : -0.0001 -0.0001 -0.0001 -0.0143 -0.0000  2.3293
  56)
      1 :  0.0000  0.0001  0.0001  0.0000  0.0001  0.0003  0.0000 -0.0016 -0.0007 -0.0010
     11 :  0.0008  0.0005 -0.0005  0.0001 -0.0000  0.0001  0.0000 -0.0000 -0.0001 -0.0001
     21 :  0.0001  0.0003  0.0000 -0.0001  0.0000  0.0001 -0.0002  0.0002 -0.0007  0.0003
     31 :  0.0020  0.0004 -0.0008 -0.0000 -0.0003  0.0000  0.0000 -0.0002  0.0000 -0.0030
     41 :  0.0008 -0.0162 -0.0124  0.0007 -0.0329  0.0005  0.0010  0.0000  0.0002  0.0001
     51 : -0.0001 -0.0005 -0.0002  0.2355 -0.0099  0.2693  2.4007
  57)
      1 :  0.0000  0.0023  0.0027 -0.0001 -0.0000 -0.0000 -0.0000 -0.0000  0.0000 -0.0001
     11 : -0.0001  0.0000 -0.0003 -0.0003 -0.0002  0.0001 -0.0001 -0.0001  0.0001  0.0001
     21 :  0.0005  0.0001 -0.0001 -0.0001 -0.0000 -0.0000 -0.0000 -0.0002  0.0000 -0.0011
     31 : -0.0002  0.0053 -0.0243 -0.0008  0.0023 -0.0000 -0.0001 -0.0000 -0.0000 -0.0001
     41 : -0.0000  0.0009 -0.0005 -0.0262  0.0029  0.0048 -0.0237 -0.0013 -0.0126 -0.0001
     51 : -0.0001 -0.0000 -0.0002  0.0002 -0.0002 -0.0207  0.0025  3.4902
  58)
      1 :  0.0000  0.0001 -0.0001  0.0001 -0.0001 -0.0000  0.0000  0.0004  0.0000 -0.0030
     11 : -0.0002  0.0000  0.0007  0.0005 -0.0001 -0.0001 -0.0001  0.0000  0.0002  0.0000
     21 : -0.0003 -0.0002 -0.0001 -0.0001 -0.0000 -0.0001  0.0000  0.0001  0.0000  0.0001
     31 : -0.0011 -0.0017  0.0053  0.0004  0.0008  0.0000 -0.0001 -0.0000  0.0000 -0.0001
     41 : -0.0000 -0.0044  0.0025 -0.0187 -0.0208  0.0023 -0.0143 -0.0011 -0.0037 -0.0001
     51 : -0.0002 -0.0002 -0.0002 -0.0003 -0.0011  0.2464  0.0033  0.1476  2.3301
  59)
      1 :  0.0000 -0.0134 -0.0210 -0.0004  0.0001  0.0000 -0.0000  0.0001 -0.0000 -0.0001
     11 : -0.0001 -0.0009 -0.0001 -0.0001  0.0006 -0.0001  0.0001 -0.0001  0.0001  0.0000
     21 : -0.0001 -0.0001 -0.0001 -0.0001 -0.0001  0.0001  0.0001  0.0000  0.0001  0.0001
     31 :  0.0000 -0.0011 -0.0002  0.0020 -0.0036 -0.0009  0.0004  0.0001  0.0006 -0.0001
     41 :  0.0001  0.0001  0.0001  0.0008 -0.0002 -0.0162  0.0004  0.0010  0.2483 -0.0001
     51 : -0.0210 -0.0004 -0.0002 -0.0001 -0.0000 -0.0011 -0.0001 -0.0161 -0.0036  2.4385
  60)
      1 :  0.0000 -0.0181 -0.0088  0.0003 -0.0002 -0.0000 -0.0001  0.0001  0.0000  0.0002
     11 : -0.0001 -0.0008 -0.0001 -0.0022  0.0002 -0.0001  0.0000  0.0001 -0.0003  0.0000
     21 :  0.0002 -0.0001  0.0001 -0.0001 -0.0001 -0.0002  0.0000  0.0000  0.0000 -0.0006
     31 :  0.0001  0.0001 -0.0011  0.0003 -0.0037 -0.0001  0.0002 -0.0000  0.0001 -0.0001
     41 : -0.0001 -0.0012 -0.0003  0.2544  0.0009 -0.0126 -0.0121  0.0001 -0.0006 -0.0002
     51 :  0.0004 -0.0002 -0.0007  0.0001 -0.0002 -0.0044  0.0010  0.1961 -0.0035  0.2481
     61 :  2.3154
  61)
      1 :  0.0000 -0.0067 -0.0021  0.0004  0.0005 -0.0006  0.0002 -0.0000 -0.0001  0.0001
     11 : -0.0000  0.0000 -0.0000 -0.0005 -0.0001  0.0000  0.0001  0.0000  0.0000 -0.0001
     21 :  0.0001  0.0000 -0.0000  0.0000  0.0001 -0.0001 -0.0001 -0.0000  0.0003  0.0000
     31 :  0.0001  0.0000  0.0000 -0.0007  0.0001  0.0007 -0.0020 -0.0005 -0.0016  0.0007
     41 : -0.0191  0.0000  0.0002  0.0006 -0.0001  0.0023  0.0000 -0.0121 -0.0182 -0.0074
     51 :  0.2547 -0.0074  0.2384 -0.0006 -0.0010 -0.0001 -0.0001 -0.0002 -0.0000 -0.0134
     61 : -0.0021  2.3681
  62)
      1 :  0.0000  0.2476 -0.0096 -0.0015  0.0006  0.0004 -0.0005  0.0001 -0.0000  0.0001
     11 :  0.0001  0.0004 -0.0000 -0.0019 -0.0006  0.0002 -0.0000 -0.0002 -0.0000  0.0000
     21 : -0.0000  0.0001 -0.0000  0.0000 -0.0000 -0.0001 -0.0001 -0.0000 -0.0000  0.0000
     31 :  0.0000  0.0001 -0.0002  0.0002  0.0006  0.0004 -0.0003 -0.0001 -0.0006  0.0002
     41 :  0.0006  0.0000  0.0000 -0.0202 -0.0002  0.0014 -0.0003 -0.0203 -0.0071 -0.0020
     51 : -0.0096 -0.0015 -0.0100 -0.0002 -0.0005  0.0001 -0.0000  0.0014  0.0006  0.2314
     61 : -0.0072  0.2480  2.4053
  63)
      1 :  0.0000 -0.0097 -0.0015 -0.0089 -0.0021 -0.0095 -0.0172  0.0007 -0.0019  0.0000
     11 :  0.0001  0.0000 -0.0000  0.0005  0.0002 -0.0007 -0.0001  0.0006  0.0004 -0.0008
     21 :  0.0003  0.0000 -0.0001  0.0001 -0.0000  0.0000 -0.0000 -0.0001 -0.0001  0.0000
     31 :  0.0001  0.0000 -0.0000 -0.0002  0.0002  0.0000 -0.0003  0.0000  0.0002 -0.0007
     41 : -0.0022  0.0000  0.0004 -0.0006 -0.0000  0.0001 -0.0003 -0.0006  0.0006  0.0005
     51 : -0.0014 -0.0088  0.2521  0.0007 -0.0173  0.0000  0.0003  0.0001  0.0002  0.0005
     61 :  0.0006 -0.0098 -0.0192  2.3861
  64)
      1 :  0.0000  0.2389 -0.0111  0.2541 -0.0088 -0.0178 -0.0106  0.0004  0.0006  0.0001
     11 :  0.0000  0.0004  0.0000 -0.0160  0.0006 -0.0024 -0.0005 -0.0016 -0.0004  0.0004
     21 : -0.0002  0.0001  0.0000  0.0001  0.0001  0.0004  0.0000 -0.0001 -0.0001 -0.0002
     31 :  0.0001 -0.0001 -0.0000  0.0001 -0.0002  0.0001  0.0000  0.0001  0.0000 -0.0001
     41 : -0.0007 -0.0000  0.0000 -0.0014 -0.0000 -0.0002 -0.0007  0.0004 -0.0007  0.0005
     51 :  0.0005 -0.0031 -0.0114  0.0002  0.0008 -0.0000  0.0000  0.0003  0.0000 -0.0002
     61 :  0.0003 -0.0163 -0.0100  0.2521  2.3768
  65)
      1 :  0.0000 -0.0006 -0.0002  0.0005  0.0002 -0.0124 -0.0028 -0.0098 -0.0171  0.0007
     11 : -0.0022  0.0000  0.0001  0.0000 -0.0000  0.0000 -0.0000 -0.0006 -0.0001  0.0009
     21 :  0.0003 -0.0008  0.0004  0.0000 -0.0001  0.0001 -0.0000 -0.0000  0.0001 -0.0001
     31 : -0.0001 -0.0000 -0.0000  0.0000 -0.0000 -0.0002  0.0002  0.0000 -0.0001  0.0005
     41 : -0.0025 -0.0001 -0.0011 -0.0001 -0.0003 -0.0000 -0.0001  0.0000 -0.0000 -0.0006
     51 :  0.0005 -0.0118 -0.0178 -0.0100  0.2515  0.0007 -0.0168  0.0000  0.0006  0.0000
     61 :  0.0002  0.0007  0.0004 -0.0095 -0.0018  2.3764
  66)
      1 :  0.0000 -0.0020 -0.0008 -0.0155  0.0006  0.2533 -0.0116 -0.0191 -0.0091  0.0004
     11 :  0.0006  0.0001  0.0000  0.0003  0.0000  0.0004  0.0000 -0.0025 -0.0003 -0.0014
     21 : -0.0003  0.0004 -0.0005  0.0000  0.0000  0.0001  0.0001  0.0000  0.0000 -0.0001
     31 : -0.0001 -0.0001 -0.0001 -0.0001  0.0001  0.0001 -0.0002  0.0001  0.0000  0.0004
     41 :  0.0006 -0.0001 -0.0003 -0.0001 -0.0001  0.0000 -0.0002 -0.0001  0.0001  0.0003
     51 : -0.0008 -0.0155 -0.0101 -0.0025 -0.0116 -0.0001 -0.0003  0.0000  0.0001  0.0001
     61 :  0.0001 -0.0019  0.0009  0.2399 -0.0100  0.2537  2.3902
  67)
      1 :  0.0000 -0.0001 -0.0001 -0.0000 -0.0000  0.0009  0.0002 -0.0105 -0.0027 -0.0085
     11 : -0.0179  0.0008 -0.0024 -0.0000  0.0001  0.0001 -0.0000  0.0000 -0.0000 -0.0006
     21 : -0.0001  0.0010  0.0004 -0.0005  0.0004  0.0000 -0.0001 -0.0000 -0.0000  0.0001
     31 : -0.0001 -0.0001 -0.0001  0.0000  0.0000  0.0000  0.0001 -0.0001  0.0001 -0.0000
     41 :  0.0004 -0.0010 -0.0031 -0.0008  0.0017  0.0001 -0.0021  0.0001  0.0000 -0.0000
     51 :  0.0001  0.0009  0.0004 -0.0113 -0.0183 -0.0081  0.2447  0.0025 -0.0209  0.0000
     61 : -0.0000  0.0001  0.0000 -0.0008 -0.0001 -0.0096 -0.0015  2.3726
  68)
      1 :  0.0000 -0.0001 -0.0001  0.0002 -0.0000 -0.0171  0.0006  0.2500 -0.0106 -0.0188
     11 : -0.0095  0.0006  0.0007  0.0000  0.0000  0.0001  0.0001  0.0005  0.0000 -0.0026
     21 : -0.0007 -0.0018  0.0010  0.0004 -0.0008  0.0001  0.0000  0.0001  0.0000 -0.0001
     31 : -0.0001 -0.0002  0.0001  0.0003  0.0000 -0.0002 -0.0000  0.0001 -0.0001  0.0003
     41 : -0.0008  0.0002  0.0013 -0.0002 -0.0001  0.0000 -0.0010 -0.0000  0.0000 -0.0001
     51 :  0.0000 -0.0024  0.0006 -0.0155 -0.0085 -0.0030 -0.0119  0.0004  0.0009 -0.0000
     61 : -0.0001  0.0001 -0.0000 -0.0019 -0.0006  0.2484 -0.0090  0.2530  2.3596
  69)
      1 :  0.0000 -0.0008 -0.0030  0.0000  0.0001  0.0000  0.0000  0.0008  0.0003 -0.0120
     11 : -0.0017 -0.0100 -0.0167  0.0008 -0.0005 -0.0001 -0.0001  0.0000  0.0000  0.0000
     21 : -0.0000 -0.0007 -0.0001 -0.0003  0.0003 -0.0002  0.0003 -0.0000  0.0001  0.0002
     31 : -0.0001 -0.0003  0.0005  0.0001  0.0004  0.0000 -0.0000  0.0000  0.0000  0.0001
     41 :  0.0001  0.0010  0.0007 -0.0123  0.0025 -0.0008  0.2354 -0.0001  0.0002  0.0001
     51 :  0.0001 -0.0000  0.0001  0.0010  0.0005  0.0033 -0.0252 -0.0329  0.2690  0.0020
     61 : -0.0161  0.0000  0.0002 -0.0002 -0.0002 -0.0005 -0.0001 -0.0109 -0.0010  2.4000
  70)
      1 :  0.0000 -0.0000 -0.0000  0.0001 -0.0000  0.0004  0.0000 -0.0180  0.0010  0.2524
     11 : -0.0105 -0.0183 -0.0097  0.0004  0.0009  0.0001  0.0001  0.0001  0.0001  0.0004
     21 :  0.0000 -0.0026 -0.0006 -0.0014  0.0009  0.0004 -0.0008  0.0000 -0.0001  0.0000
     31 :  0.0000  0.0000  0.0001 -0.0001 -0.0001  0.0002  0.0000 -0.0001 -0.0000 -0.0001
     41 : -0.0000 -0.0000 -0.0008 -0.0031  0.0025 -0.0001 -0.0112 -0.0000  0.0001 -0.0000
     51 :  0.0001  0.0001  0.0000 -0.0021  0.0008 -0.0209 -0.0111  0.0017 -0.0082 -0.0001
     61 : -0.0010 -0.0000 -0.0000 -0.0001 -0.0001 -0.0024 -0.0006  0.2520 -0.0084  0.2452
     71 :  2.3730
  71)
      1 :  0.0000 -0.0000 -0.0001 -0.0000 -0.0001 -0.0001 -0.0000 -0.0000 -0.0000 -0.0000
     11 : -0.0000 -0.0000 -0.0001 -0.0001 -0.0000 -0.0001 -0.0000 -0.0003 -0.0008  0.0002
     21 : -0.0031 -0.0000  0.0002 -0.0000 -0.0001 -0.0000 -0.0000 -0.0003 -0.0000 -0.0099
     31 : -0.0081 -0.0142  0.0777 -0.0031 -0.0141 -0.0000 -0.0003 -0.0000 -0.0000 -0.0001
     41 : -0.0001 -0.0098 -0.0009 -0.0008  0.0775  0.0775 -0.0003 -0.0009 -0.0098 -0.0001
     51 : -0.0001 -0.0000 -0.0000 -0.0003 -0.0000 -0.0141 -0.0031  0.0777 -0.0142 -0.0081
     61 : -0.0099 -0.0000 -0.0003 -0.0000 -0.0000 -0.0001 -0.0000  0.0002 -0.0000 -0.0031
     71 :  0.0002 10.4461
  72)
      1 :  0.0000  0.0000  0.0000  0.0000 -0.0000 -0.0000  0.0000 -0.0000  0.0000  0.0000
     11 : -0.0000  0.0000 -0.0000 -0.0000  0.0000  0.0000  0.0000  0.0002  0.0000  0.0001
     21 : -0.0000  0.0000  0.0001 -0.0000 -0.0000  0.0000  0.0000  0.0003  0.0000  0.0006
     31 :  0.0003 -0.0011  0.0078 -0.0000 -0.0011  0.0000  0.0002  0.0000  0.0000  0.0000
     41 : -0.0000  0.0006  0.0000  0.0000  0.0079  0.0079  0.0002  0.0000  0.0006 -0.0000
     51 :  0.0000  0.0000  0.0000  0.0002  0.0000 -0.0011 -0.0000  0.0078 -0.0011  0.0003
     61 :  0.0006  0.0000  0.0003  0.0000  0.0000 -0.0000 -0.0000  0.0001  0.0000 -0.0000
     71 :  0.0001  0.0927  0.4874

              ** SPIN 2
 ATOM         CORE    1       2       3       4       5       6       7       8       9
           -------------------------------------------------------------------------------
   0)
      1 :  0.0000
   1)
      1 :  0.0000  2.3917
   2)
      1 :  0.0000  0.2502  2.3875
   3)
      1 :  0.0000 -0.0109 -0.0173  2.3848
   4)
      1 :  0.0000 -0.0198 -0.0073  0.2503  2.3547
   5)
      1 :  0.0000  0.0008  0.0004 -0.0144 -0.0028  2.3745
   6)
      1 :  0.0000 -0.0013  0.0008  0.2465 -0.0094  0.2500  2.3901
   7)
      1 :  0.0000 -0.0000  0.0000 -0.0006 -0.0001 -0.0084 -0.0019  2.3515
   8)
      1 :  0.0000  0.0002 -0.0000 -0.0026 -0.0007  0.2555 -0.0112  0.2456  2.3775
   9)
      1 :  0.0000 -0.0000  0.0004 -0.0001 -0.0001 -0.0009 -0.0001 -0.0076 -0.0021  2.3775
  10)
      1 :  0.0000 -0.0000  0.0000 -0.0001 -0.0001 -0.0025 -0.0006  0.2589 -0.0075  0.2456
     11 :  2.3515
  11)
      1 :  0.0000  0.0009 -0.0161 -0.0009 -0.0023 -0.0002 -0.0002 -0.0006 -0.0001 -0.0112
     11 : -0.0019  2.3901
  12)
      1 :  0.0000  0.0001  0.0006 -0.0001 -0.0005 -0.0001 -0.0002 -0.0025 -0.0009  0.2555
     11 : -0.0084  0.2500  2.3746
  13)
      1 :  0.0000 -0.0056  0.2463 -0.0111  0.2452 -0.0005 -0.0023 -0.0001 -0.0001 -0.0007
     11 : -0.0001 -0.0094 -0.0028  2.3547
  14)
      1 :  0.0000 -0.0009 -0.0108 -0.0027 -0.0111 -0.0001 -0.0009 -0.0001 -0.0001 -0.0026
     11 : -0.0006  0.2465 -0.0144  0.2503  2.3848
  15)
      1 :  0.0000  0.0009 -0.0023 -0.0108  0.2463  0.0006 -0.0161  0.0000  0.0004 -0.0000
     11 :  0.0000  0.0008  0.0004 -0.0073 -0.0173  2.3875
  16)
      1 :  0.0000  0.0003  0.0009 -0.0009 -0.0056  0.0001  0.0009 -0.0000 -0.0000  0.0002
     11 : -0.0000 -0.0013  0.0008 -0.0198 -0.0109  0.2502  2.3917
  17)
      1 :  0.0000 -0.0004  0.0003 -0.0066 -0.0155 -0.0069  0.2441 -0.0002 -0.0161 -0.0000
     11 :  0.0005  0.0002  0.0002 -0.0006  0.0005 -0.0104 -0.0024  2.3688
  18)
      1 :  0.0000  0.0003 -0.0009 -0.0193 -0.0099 -0.0007 -0.0125  0.0002  0.0015 -0.0000
     11 :  0.0000  0.0002 -0.0000 -0.0004  0.0008  0.2453 -0.0162  0.2434  2.4257
  19)
      1 :  0.0000  0.0000  0.0001  0.0009  0.0003 -0.0113 -0.0178 -0.0092  0.2498  0.0011
     11 : -0.0184 -0.0000  0.0004  0.0000  0.0001 -0.0002  0.0000 -0.0098 -0.0032  2.3796
  20)
      1 :  0.0000 -0.0001 -0.0001 -0.0007  0.0003 -0.0180 -0.0071 -0.0013 -0.0108  0.0003
     11 :  0.0005  0.0000  0.0000  0.0001  0.0001 -0.0034 -0.0006  0.2469 -0.0119  0.2431
     21 :  2.3647
  21)
      1 :  0.0000  0.0001  0.0001 -0.0000  0.0000  0.0007  0.0005 -0.0078 -0.0176 -0.0127
     11 :  0.2450  0.0008 -0.0179  0.0000  0.0004 -0.0001 -0.0001 -0.0009 -0.0002 -0.0106
     21 : -0.0016  2.3779
  22)
      1 :  0.0000 -0.0000  0.0001  0.0002  0.0000 -0.0024  0.0009 -0.0183 -0.0108 -0.0023
     11 : -0.0092  0.0002  0.0009 -0.0000 -0.0000 -0.0001 -0.0001 -0.0026 -0.0009  0.2557
     21 : -0.0087  0.2504  2.3792
  23)
      1 :  0.0000  0.0000  0.0003  0.0000  0.0004  0.0000  0.0001  0.0002  0.0004 -0.0077
     11 : -0.0172 -0.0097  0.2481  0.0003 -0.0163 -0.0007 -0.0023 -0.0002 -0.0002 -0.0005
     21 : -0.0001 -0.0076 -0.0018  2.3529
  24)
      1 :  0.0000 -0.0000 -0.0000 -0.0000  0.0000  0.0001  0.0000 -0.0025  0.0007 -0.0178
     11 : -0.0086 -0.0024 -0.0126  0.0002  0.0007 -0.0001 -0.0007 -0.0001 -0.0001 -0.0023
     21 : -0.0005  0.2553 -0.0112  0.2485  2.3747
  25)
      1 :  0.0000 -0.0006 -0.0018  0.0008 -0.0167  0.0000  0.0005  0.0000  0.0001  0.0006
     11 :  0.0004 -0.0136 -0.0171 -0.0071  0.2500 -0.0145  0.2489 -0.0007 -0.0017 -0.0001
     21 : -0.0002 -0.0007 -0.0001 -0.0081 -0.0018  2.3904
  26)
      1 :  0.0000 -0.0001 -0.0006  0.0002  0.0002 -0.0000  0.0001  0.0002  0.0000 -0.0022
     11 :  0.0003 -0.0178 -0.0077 -0.0016 -0.0072 -0.0018 -0.0087 -0.0002 -0.0005 -0.0001
     21 : -0.0002 -0.0022 -0.0007  0.2489 -0.0076  0.2470  2.3496
  27)
      1 :  0.0000 -0.0000  0.0001 -0.0006 -0.0013  0.0000  0.0004  0.0001  0.0001 -0.0000
     11 :  0.0001 -0.0005  0.0003  0.0002 -0.0018 -0.0079  0.2422 -0.0007 -0.0210 -0.0000
     21 :  0.0004 -0.0000  0.0000  0.0005  0.0003 -0.0087 -0.0169  2.3598
  28)
      1 :  0.0000  0.0001  0.0000 -0.0001 -0.0004 -0.0000  0.0000 -0.0000  0.0001 -0.0001
     11 : -0.0000  0.0003 -0.0007  0.0004  0.0006 -0.0014 -0.0086 -0.0000  0.0009 -0.0000
     21 :  0.0000  0.0002  0.0000 -0.0023  0.0008 -0.0175 -0.0087  0.2427  2.3914
  29)
      1 :  0.0000  0.0000 -0.0001  0.0004 -0.0023 -0.0003 -0.0000 -0.0001  0.0001  0.0000
     11 :  0.0001 -0.0001 -0.0000 -0.0002  0.0002 -0.0122 -0.0165 -0.0105  0.2453 -0.0007
     21 : -0.0178 -0.0001  0.0002  0.0001  0.0001  0.0005  0.0006 -0.0056 -0.0025  2.3437
  30)
      1 :  0.0000  0.0001 -0.0000  0.0005 -0.0005 -0.0001 -0.0008 -0.0001 -0.0001 -0.0000
     11 :  0.0001 -0.0001  0.0001  0.0002 -0.0003 -0.0215 -0.0122  0.0011  0.0022 -0.0001
     21 :  0.0017 -0.0000  0.0000  0.0001  0.0001 -0.0005  0.0001  0.2425 -0.0122  0.2389
     31 :  2.4051
  31)
      1 :  0.0000 -0.0001 -0.0001 -0.0003  0.0005  0.0007 -0.0001 -0.0001 -0.0024  0.0000
     11 :  0.0003  0.0000 -0.0000 -0.0000  0.0001 -0.0001  0.0001 -0.0114 -0.0190 -0.0096
     21 :  0.2586  0.0011 -0.0207  0.0001  0.0007 -0.0000  0.0002  0.0007 -0.0000 -0.0103
     31 : -0.0035  2.3497
  32)
      1 :  0.0000 -0.0001  0.0001 -0.0001 -0.0002 -0.0003  0.0002 -0.0001 -0.0002  0.0000
     11 : -0.0000 -0.0000 -0.0000 -0.0000 -0.0001  0.0021  0.0024 -0.0253 -0.0284  0.0015
     21 : -0.0302  0.0004  0.0024  0.0000  0.0000  0.0003  0.0001  0.0009 -0.0003  0.2144
     31 : -0.0147  0.1582  3.4154
  33)
      1 :  0.0000  0.0000  0.0001  0.0000  0.0001 -0.0005  0.0005  0.0005 -0.0015 -0.0005
     11 : -0.0012  0.0000  0.0002  0.0001  0.0000  0.0001  0.0001  0.0006  0.0006 -0.0089
     21 : -0.0231 -0.0108  0.2426 -0.0007 -0.0181  0.0001  0.0005 -0.0000 -0.0001  0.0008
     31 : -0.0000  0.0056  0.0022  2.3653
  34)
      1 :  0.0000 -0.0000 -0.0002 -0.0002 -0.0000  0.0007 -0.0011  0.0003  0.0010 -0.0002
     11 : -0.0001 -0.0000 -0.0000 -0.0001  0.0000 -0.0000 -0.0000 -0.0004  0.0022 -0.0207
     21 :  0.0056 -0.0024 -0.0095 -0.0001  0.0006  0.0000  0.0000  0.0001 -0.0001 -0.0057
     31 : -0.0005  0.2526 -0.0248  0.2589  2.3487
  35)
      1 :  0.0000  0.0000  0.0001  0.0001  0.0001  0.0000  0.0001 -0.0006  0.0005  0.0007
     11 : -0.0018 -0.0009 -0.0023  0.0000  0.0003 -0.0001  0.0003  0.0000  0.0001  0.0009
     21 :  0.0005 -0.0115 -0.0178 -0.0097  0.2496  0.0009 -0.0179 -0.0005 -0.0013 -0.0002
     31 : -0.0001 -0.0012 -0.0002 -0.0070 -0.0001  2.3900
  36)
      1 :  0.0000 -0.0000 -0.0000 -0.0000  0.0001 -0.0001  0.0000  0.0005 -0.0009  0.0004
     11 : -0.0002 -0.0002 -0.0006 -0.0000  0.0000 -0.0000  0.0000  0.0004  0.0001 -0.0026
     21 :  0.0006 -0.0161 -0.0100 -0.0018 -0.0069  0.0001  0.0003 -0.0001 -0.0004  0.0001
     31 : -0.0001 -0.0004  0.0002  0.2470 -0.0113  0.2447  2.3688
  37)
      1 :  0.0000 -0.0001 -0.0001  0.0000  0.0004  0.0001  0.0001  0.0000  0.0001 -0.0007
     11 :  0.0004  0.0009 -0.0018 -0.0006 -0.0025  0.0006 -0.0176  0.0001  0.0005 -0.0000
     21 :  0.0001  0.0006  0.0004 -0.0082 -0.0172 -0.0131  0.2470 -0.0086  0.2484 -0.0009
     31 : -0.0005 -0.0002 -0.0002 -0.0002 -0.0001 -0.0135 -0.0018  2.3903
  38)
      1 :  0.0000 -0.0001 -0.0001 -0.0000  0.0001 -0.0000  0.0001 -0.0001 -0.0000  0.0004
     11 : -0.0006  0.0003  0.0007 -0.0001 -0.0007  0.0002  0.0006 -0.0000 -0.0000  0.0002
     21 :  0.0000 -0.0026  0.0009 -0.0163 -0.0145 -0.0025 -0.0072 -0.0018 -0.0109 -0.0001
     31 : -0.0003 -0.0002 -0.0000 -0.0007 -0.0003  0.2463 -0.0065  0.2506  2.3845
  39)
      1 :  0.0000  0.0000 -0.0000 -0.0001 -0.0001 -0.0000  0.0001  0.0000  0.0001 -0.0001
     11 :  0.0000 -0.0001 -0.0001  0.0000  0.0002 -0.0006 -0.0013 -0.0000  0.0003  0.0001
     21 :  0.0001 -0.0000  0.0001 -0.0007  0.0004  0.0006 -0.0018 -0.0079  0.2501  0.0007
     31 : -0.0216 -0.0002 -0.0001 -0.0000 -0.0001  0.0008  0.0003 -0.0147 -0.0173  2.3878
  40)
      1 :  0.0000  0.0004  0.0000 -0.0001 -0.0002  0.0002  0.0000 -0.0001  0.0000  0.0000
     11 : -0.0001  0.0001  0.0000  0.0001  0.0001 -0.0001 -0.0004 -0.0000  0.0001 -0.0000
     21 :  0.0001 -0.0001  0.0000  0.0004 -0.0005  0.0004  0.0002 -0.0013 -0.0054 -0.0003
     31 : -0.0005 -0.0001 -0.0001  0.0001 -0.0000 -0.0022 -0.0006 -0.0167 -0.0112  0.2467
     41 :  2.3543
  41)
      1 :  0.0000  0.0000 -0.0001  0.0000 -0.0003 -0.0001 -0.0001 -0.0001 -0.0001 -0.0001
     11 :  0.0001 -0.0002  0.0001 -0.0001 -0.0001  0.0007 -0.0025  0.0003  0.0015  0.0001
     21 :  0.0001  0.0000  0.0000  0.0001 -0.0000 -0.0009  0.0006 -0.0055 -0.0165  0.0014
     31 :  0.2392 -0.0041 -0.0149  0.0001  0.0000 -0.0001  0.0001  0.0005  0.0002 -0.0122
     41 : -0.0023  2.3432
  42)
      1 :  0.0000  0.0000  0.0001  0.0001  0.0001 -0.0001 -0.0001  0.0002 -0.0000 -0.0002
     11 :  0.0000  0.0001 -0.0001  0.0001 -0.0000  0.0003  0.0009  0.0003  0.0008 -0.0000
     21 : -0.0001 -0.0000  0.0001 -0.0002 -0.0000  0.0005 -0.0005 -0.0211 -0.0164  0.0015
     31 :  0.0024 -0.0012 -0.0015 -0.0000  0.0002  0.0002  0.0001 -0.0016  0.0008  0.2447
     41 : -0.0099  0.2459  2.4254
  43)
      1 :  0.0000 -0.0162  0.2453  0.0008 -0.0004 -0.0000  0.0002  0.0000 -0.0000  0.0015
     11 :  0.0002 -0.0125 -0.0007 -0.0099 -0.0193 -0.0009  0.0003  0.0001 -0.0001  0.0001
     21 : -0.0000 -0.0000 -0.0000 -0.0002 -0.0001 -0.0002  0.0004 -0.0000  0.0000 -0.0003
     31 :  0.0001  0.0002  0.0001 -0.0001 -0.0012 -0.0001  0.0003  0.0000  0.0001  0.0001
     41 :  0.0001 -0.0002  0.0001  2.4257
  44)
      1 :  0.0000  0.0000 -0.0001 -0.0000 -0.0001 -0.0000 -0.0000 -0.0001  0.0001  0.0004
     11 : -0.0000 -0.0002  0.0000 -0.0000 -0.0000 -0.0001 -0.0003 -0.0001 -0.0015 -0.0001
     21 : -0.0007  0.0000  0.0001  0.0000 -0.0000 -0.0002  0.0001  0.0009  0.0024 -0.0149
     31 : -0.0149  0.0031  0.0036  0.0005  0.0056 -0.0000 -0.0001  0.0003 -0.0001  0.0021
     41 : -0.0002  0.2137 -0.0285 -0.0003  3.4175
  45)
      1 :  0.0000 -0.0003 -0.0001 -0.0000 -0.0000  0.0000 -0.0002 -0.0000  0.0004  0.0001
     11 : -0.0001 -0.0000 -0.0000 -0.0001 -0.0000 -0.0001  0.0000  0.0002 -0.0003  0.0024
     21 :  0.0022 -0.0002  0.0016 -0.0001 -0.0003 -0.0000 -0.0000 -0.0002 -0.0001  0.0014
     31 : -0.0005 -0.0249  0.0003 -0.0302  0.1585  0.0002 -0.0254 -0.0000 -0.0001  0.0001
     41 : -0.0000 -0.0010  0.0001 -0.0015 -0.0247  3.4175
  46)
      1 :  0.0000 -0.0024 -0.0104  0.0005 -0.0006  0.0002  0.0002  0.0005 -0.0000 -0.0161
     11 : -0.0002  0.2441 -0.0069 -0.0155 -0.0066  0.0003 -0.0004 -0.0001  0.0001  0.0001
     21 : -0.0000  0.0004  0.0001 -0.0018 -0.0006 -0.0018  0.0003 -0.0001  0.0000  0.0001
     31 : -0.0001  0.0000 -0.0001 -0.0000 -0.0001 -0.0002 -0.0000  0.0001  0.0000 -0.0000
     41 :  0.0001  0.0001  0.0001  0.2434  0.0002 -0.0001  2.3688
  47)
      1 :  0.0000  0.0009  0.0003 -0.0000  0.0001 -0.0001  0.0001  0.0000 -0.0002 -0.0000
     11 :  0.0002 -0.0001 -0.0001  0.0001  0.0001  0.0001  0.0000  0.0001  0.0001 -0.0009
     21 :  0.0005  0.0015 -0.0032 -0.0003 -0.0007  0.0000  0.0004 -0.0000  0.0003 -0.0002
     31 :  0.0001  0.0022 -0.0003 -0.0120 -0.0189 -0.0123  0.2431 -0.0002 -0.0193 -0.0009
     41 : -0.0004 -0.0003 -0.0001  0.0008  0.0001 -0.0285  0.0003  2.4254
  48)
      1 :  0.0000 -0.0025  0.0007 -0.0001 -0.0001  0.0001 -0.0002  0.0001 -0.0001 -0.0001
     11 : -0.0001 -0.0001 -0.0001 -0.0003  0.0000 -0.0001  0.0000  0.0001 -0.0002  0.0002
     21 :  0.0008  0.0001 -0.0007 -0.0001 -0.0003 -0.0000  0.0000 -0.0000  0.0000 -0.0010
     31 :  0.0001 -0.0057  0.0014 -0.0178 -0.0103 -0.0000 -0.0105 -0.0003  0.0004 -0.0001
     41 : -0.0002 -0.0005 -0.0003  0.0015 -0.0010  0.2137  0.0003  0.2459  2.3432
  49)
      1 :  0.0000 -0.0004 -0.0001  0.0001  0.0001  0.0000  0.0001 -0.0001  0.0000  0.0000
     11 : -0.0001  0.0000  0.0002 -0.0002 -0.0001  0.0000  0.0004  0.0001  0.0001  0.0000
     21 :  0.0001 -0.0007  0.0003  0.0003 -0.0028 -0.0006 -0.0016  0.0002 -0.0198 -0.0001
     31 :  0.0002 -0.0000 -0.0000  0.0003  0.0005 -0.0095 -0.0154 -0.0069  0.2501 -0.0073
     41 :  0.2449 -0.0002 -0.0004  0.0001 -0.0000 -0.0002 -0.0000 -0.0099 -0.0023  2.3543
  50)
      1 :  0.0000 -0.0013 -0.0006  0.0002  0.0000 -0.0001 -0.0001  0.0000 -0.0001  0.0001
     11 :  0.0000  0.0001 -0.0000 -0.0001 -0.0001 -0.0000  0.0000 -0.0000  0.0001 -0.0001
     21 :  0.0001  0.0004 -0.0002  0.0004  0.0006 -0.0001 -0.0006  0.0001  0.0009 -0.0001
     31 : -0.0000 -0.0000 -0.0001 -0.0034 -0.0001 -0.0162 -0.0107 -0.0018 -0.0108 -0.0023
     41 : -0.0073 -0.0001 -0.0009  0.0003  0.0001  0.0021 -0.0000  0.2447 -0.0122  0.2467
     51 :  2.3878
  51)
      1 :  0.0000  0.0006  0.0002 -0.0007 -0.0001  0.0007  0.0003 -0.0006  0.0004 -0.0000
     11 : -0.0001  0.0001 -0.0000  0.0001 -0.0000 -0.0001 -0.0001  0.0000  0.0001 -0.0000
     21 :  0.0000 -0.0001  0.0001  0.0000 -0.0001  0.0000  0.0002 -0.0006 -0.0009  0.0000
     31 :  0.0005  0.0000 -0.0000  0.0001  0.0001 -0.0009  0.0005  0.0008 -0.0027 -0.0108
     41 :  0.2501  0.0004 -0.0193 -0.0000 -0.0001 -0.0001 -0.0000  0.0008  0.0002 -0.0112
     51 : -0.0173  2.3845
  52)
      1 :  0.0000 -0.0176  0.0006 -0.0025 -0.0006 -0.0018  0.0009  0.0004 -0.0007  0.0001
     11 :  0.0000  0.0001  0.0001  0.0004  0.0000 -0.0001 -0.0001  0.0001  0.0000 -0.0001
     21 :  0.0001  0.0001 -0.0001  0.0001  0.0000  0.0001  0.0000 -0.0001 -0.0006 -0.0000
     31 :  0.0001  0.0000 -0.0000 -0.0002 -0.0000  0.0005 -0.0007  0.0004  0.0008 -0.0018
     41 : -0.0069 -0.0003 -0.0002  0.0005 -0.0000  0.0003  0.0001 -0.0016  0.0005 -0.0167
     51 : -0.0147  0.2506  2.3903
  53)
      1 :  0.0000  0.0000 -0.0000  0.0000 -0.0000 -0.0006 -0.0002 -0.0002  0.0004 -0.0009
     11 :  0.0005  0.0000 -0.0001  0.0001 -0.0000 -0.0000 -0.0000 -0.0000  0.0003  0.0001
     21 : -0.0000 -0.0000  0.0001 -0.0002  0.0002  0.0001 -0.0002 -0.0007 -0.0024  0.0003
     31 :  0.0011 -0.0001 -0.0001 -0.0000  0.0000  0.0002 -0.0001 -0.0007  0.0005 -0.0107
     41 : -0.0154 -0.0105  0.2431  0.0001 -0.0254 -0.0001  0.0004  0.0001  0.0001 -0.0006
     51 :  0.0003 -0.0065 -0.0018  2.3688
  54)
      1 :  0.0000  0.0003 -0.0001  0.0003  0.0000 -0.0023 -0.0009 -0.0018  0.0007  0.0005
     11 : -0.0006  0.0001  0.0000  0.0001  0.0001  0.0001  0.0000 -0.0002 -0.0001  0.0002
     21 :  0.0000 -0.0001 -0.0000  0.0001 -0.0002  0.0001  0.0001  0.0004  0.0009 -0.0001
     31 : -0.0008 -0.0000 -0.0000  0.0000  0.0000 -0.0002  0.0002  0.0005 -0.0009 -0.0162
     41 : -0.0095 -0.0000 -0.0123  0.0001  0.0002 -0.0000  0.0000  0.0002 -0.0001 -0.0022
     51 :  0.0008  0.2463 -0.0135  0.2447  2.3900
  55)
      1 :  0.0000 -0.0000 -0.0000  0.0000 -0.0001 -0.0000 -0.0000 -0.0001 -0.0002  0.0010
     11 :  0.0003 -0.0011  0.0007 -0.0000 -0.0002 -0.0002 -0.0000 -0.0001 -0.0012 -0.0001
     21 :  0.0004  0.0000  0.0000  0.0001 -0.0000 -0.0002  0.0002  0.0008  0.0001 -0.0041
     31 : -0.0035  0.0009  0.0031 -0.0003 -0.0018  0.0000  0.0000 -0.0000  0.0001 -0.0001
     41 :  0.0005 -0.0103 -0.0189  0.0022  0.1585  0.0056 -0.0004  0.0002  0.0000 -0.0000
     51 : -0.0001 -0.0003 -0.0001 -0.0113 -0.0001  2.3487
  56)
      1 :  0.0000  0.0001  0.0001  0.0000  0.0001  0.0002  0.0000 -0.0012 -0.0005 -0.0015
     11 :  0.0005  0.0005 -0.0005  0.0001  0.0000  0.0001  0.0000 -0.0000 -0.0001 -0.0002
     21 :  0.0000  0.0003  0.0000 -0.0001  0.0000  0.0001 -0.0002  0.0004 -0.0006  0.0001
     31 :  0.0017  0.0004 -0.0007 -0.0000 -0.0003  0.0000 -0.0000 -0.0002  0.0001 -0.0034
     41 :  0.0003 -0.0178 -0.0120  0.0006 -0.0302  0.0005  0.0006 -0.0000  0.0001  0.0001
     51 : -0.0000 -0.0007 -0.0002  0.2470 -0.0070  0.2589  2.3653
  57)
      1 :  0.0000  0.0024  0.0021 -0.0001 -0.0000 -0.0000 -0.0000 -0.0000  0.0000 -0.0002
     11 : -0.0001  0.0002 -0.0003 -0.0002 -0.0001  0.0001 -0.0001 -0.0001  0.0001  0.0001
     21 :  0.0005  0.0001 -0.0001 -0.0001 -0.0000 -0.0000 -0.0000 -0.0002  0.0000 -0.0010
     31 : -0.0005  0.0057 -0.0247 -0.0007  0.0031 -0.0000 -0.0001 -0.0000 -0.0000 -0.0001
     41 : -0.0000  0.0014 -0.0003 -0.0284  0.0003  0.0036 -0.0253 -0.0015 -0.0149 -0.0001
     51 : -0.0001 -0.0000 -0.0002  0.0002 -0.0002 -0.0248  0.0022  3.4154
  58)
      1 :  0.0000  0.0001 -0.0001  0.0001 -0.0000 -0.0000  0.0000  0.0003  0.0000 -0.0024
     11 : -0.0001 -0.0001  0.0007  0.0005 -0.0003 -0.0001 -0.0001  0.0000  0.0002  0.0000
     21 : -0.0003 -0.0002 -0.0001 -0.0001 -0.0000 -0.0001  0.0000  0.0001 -0.0000  0.0000
     31 : -0.0005 -0.0019  0.0057  0.0004  0.0009 -0.0000 -0.0001  0.0000  0.0000 -0.0000
     41 : -0.0000 -0.0057  0.0022 -0.0190 -0.0249  0.0031 -0.0114 -0.0012 -0.0041 -0.0001
     51 : -0.0002 -0.0002 -0.0002 -0.0004 -0.0012  0.2526  0.0056  0.1582  2.3497
  59)
      1 :  0.0000 -0.0122 -0.0215 -0.0003  0.0002  0.0001 -0.0001  0.0001 -0.0000 -0.0001
     11 : -0.0001 -0.0008 -0.0001 -0.0005  0.0005 -0.0000  0.0001 -0.0001  0.0001  0.0001
     21 : -0.0000 -0.0001 -0.0001 -0.0001 -0.0001  0.0001  0.0001  0.0000  0.0001  0.0001
     31 :  0.0000 -0.0005 -0.0005  0.0017 -0.0035 -0.0008  0.0011  0.0001  0.0005 -0.0000
     41 :  0.0002  0.0001  0.0001  0.0022 -0.0005 -0.0149  0.0011  0.0024  0.2392 -0.0005
     51 : -0.0216 -0.0003 -0.0005 -0.0001 -0.0001 -0.0005 -0.0000 -0.0147 -0.0035  2.4051
  60)
      1 :  0.0000 -0.0165 -0.0122  0.0002 -0.0002 -0.0000 -0.0001  0.0001  0.0000  0.0001
     11 : -0.0001 -0.0000 -0.0003 -0.0023  0.0004 -0.0001  0.0000  0.0001 -0.0003  0.0000
     21 :  0.0001 -0.0001  0.0001 -0.0001 -0.0001 -0.0003  0.0000 -0.0000  0.0000 -0.0005
     31 :  0.0001  0.0000 -0.0010  0.0001 -0.0041 -0.0001  0.0003 -0.0000  0.0000 -0.0001
     41 : -0.0001 -0.0010 -0.0002  0.2453  0.0014 -0.0149 -0.0105  0.0015  0.0014 -0.0003
     51 :  0.0007 -0.0001 -0.0009  0.0001 -0.0002 -0.0057  0.0008  0.2144 -0.0103  0.2389
     61 :  2.3437
  61)
      1 :  0.0000 -0.0086 -0.0014  0.0006  0.0004 -0.0007  0.0003 -0.0000 -0.0001  0.0001
     11 : -0.0000  0.0000 -0.0000 -0.0004 -0.0001  0.0000  0.0001  0.0000  0.0000 -0.0001
     21 :  0.0001 -0.0000  0.0000  0.0000  0.0001 -0.0001 -0.0001 -0.0000  0.0003  0.0000
     31 :  0.0001 -0.0000  0.0000 -0.0006  0.0001  0.0009 -0.0024 -0.0006 -0.0009  0.0009
     41 : -0.0198  0.0000  0.0003  0.0009 -0.0001  0.0024 -0.0000 -0.0164 -0.0165 -0.0055
     51 :  0.2501 -0.0109  0.2484 -0.0004 -0.0013 -0.0001 -0.0001 -0.0003 -0.0000 -0.0122
     61 : -0.0025  2.3914
  62)
      1 :  0.0000  0.2422 -0.0079 -0.0018  0.0002  0.0003 -0.0005  0.0001 -0.0000  0.0001
     11 :  0.0001  0.0004  0.0000 -0.0013 -0.0006  0.0001 -0.0000 -0.0001 -0.0000  0.0000
     21 : -0.0000  0.0001 -0.0000  0.0001  0.0000 -0.0001 -0.0001 -0.0000 -0.0000 -0.0000
     31 :  0.0000  0.0001 -0.0002  0.0004  0.0008  0.0004 -0.0007 -0.0001 -0.0006  0.0001
     41 :  0.0002 -0.0000 -0.0000 -0.0210 -0.0002  0.0009 -0.0007 -0.0211 -0.0055 -0.0013
     51 : -0.0079 -0.0018 -0.0086 -0.0001 -0.0005  0.0001 -0.0000  0.0009  0.0007  0.2425
     61 : -0.0056  0.2427  2.3598
  63)
      1 :  0.0000 -0.0087 -0.0018 -0.0072 -0.0016 -0.0077 -0.0178  0.0003 -0.0022  0.0000
     11 :  0.0002  0.0001 -0.0000  0.0002  0.0002 -0.0006 -0.0001  0.0003  0.0004 -0.0007
     21 :  0.0005  0.0000 -0.0001  0.0001 -0.0000  0.0000 -0.0000 -0.0001 -0.0001  0.0000
     31 :  0.0001  0.0000 -0.0000 -0.0002  0.0002  0.0001 -0.0002  0.0000  0.0002 -0.0006
     41 : -0.0016  0.0000  0.0004 -0.0005 -0.0000  0.0001 -0.0002 -0.0005  0.0006  0.0002
     51 : -0.0018 -0.0072  0.2470  0.0003 -0.0179  0.0000  0.0005  0.0001  0.0002  0.0001
     61 :  0.0006 -0.0087 -0.0169  2.3496
  64)
      1 :  0.0000  0.2489 -0.0145  0.2500 -0.0071 -0.0171 -0.0136  0.0004  0.0006  0.0001
     11 :  0.0000  0.0005  0.0000 -0.0167  0.0008 -0.0018 -0.0006 -0.0018 -0.0002  0.0004
     21 : -0.0002  0.0001 -0.0000  0.0001  0.0001  0.0004  0.0000 -0.0001 -0.0001 -0.0003
     31 :  0.0001 -0.0001 -0.0000  0.0001 -0.0002  0.0001  0.0001  0.0001  0.0000 -0.0001
     41 : -0.0006 -0.0000  0.0000 -0.0017 -0.0000 -0.0002 -0.0007  0.0005 -0.0009  0.0004
     51 :  0.0006 -0.0025 -0.0131  0.0001  0.0009  0.0000  0.0001  0.0003 -0.0000 -0.0005
     61 :  0.0005 -0.0175 -0.0087  0.2470  2.3904
  65)
      1 :  0.0000 -0.0007 -0.0001  0.0007  0.0002 -0.0126 -0.0024 -0.0086 -0.0178  0.0007
     11 : -0.0025  0.0000  0.0001  0.0000 -0.0000 -0.0000 -0.0000 -0.0006 -0.0001  0.0009
     21 :  0.0002 -0.0009  0.0004  0.0000 -0.0001  0.0001 -0.0000  0.0000  0.0001 -0.0001
     31 : -0.0001 -0.0000 -0.0000  0.0000 -0.0000 -0.0002  0.0002  0.0000 -0.0001  0.0006
     41 : -0.0028 -0.0003 -0.0007 -0.0001 -0.0003 -0.0000 -0.0001 -0.0000 -0.0000 -0.0005
     51 :  0.0004 -0.0145 -0.0172 -0.0069  0.2496  0.0006 -0.0181  0.0000  0.0007  0.0001
     61 :  0.0001  0.0008  0.0003 -0.0076 -0.0018  2.3747
  66)
      1 :  0.0000 -0.0023 -0.0007 -0.0163  0.0003  0.2481 -0.0097 -0.0172 -0.0077  0.0004
     11 :  0.0002  0.0001  0.0000  0.0004  0.0000  0.0003  0.0000 -0.0018 -0.0002 -0.0017
     21 : -0.0007  0.0004 -0.0005  0.0001  0.0000  0.0001  0.0001  0.0001  0.0000 -0.0001
     31 : -0.0001 -0.0001 -0.0001 -0.0001  0.0001  0.0001 -0.0002  0.0001  0.0000  0.0004
     41 :  0.0003 -0.0001 -0.0003 -0.0002 -0.0001  0.0000 -0.0002 -0.0002  0.0001  0.0004
     51 : -0.0007 -0.0163 -0.0082 -0.0018 -0.0097 -0.0001 -0.0007  0.0000  0.0001  0.0001
     61 :  0.0001 -0.0023  0.0005  0.2489 -0.0081  0.2485  2.3529
  67)
      1 :  0.0000 -0.0001 -0.0001 -0.0000 -0.0000  0.0009  0.0002 -0.0091 -0.0023 -0.0108
     11 : -0.0183  0.0009 -0.0024  0.0000  0.0002  0.0001 -0.0000  0.0001 -0.0000 -0.0007
     21 : -0.0002  0.0011  0.0004 -0.0005  0.0004 -0.0000 -0.0001 -0.0000  0.0000  0.0001
     31 : -0.0001 -0.0001 -0.0001  0.0000  0.0000 -0.0000  0.0001 -0.0001  0.0001 -0.0002
     41 :  0.0003 -0.0007 -0.0032 -0.0009  0.0016  0.0001 -0.0026  0.0001  0.0000  0.0000
     51 :  0.0001  0.0009  0.0004 -0.0100 -0.0178 -0.0095  0.2426  0.0024 -0.0207  0.0000
     61 :  0.0002  0.0000  0.0000 -0.0007 -0.0001 -0.0112 -0.0018  2.3792
  68)
      1 :  0.0000 -0.0001 -0.0001  0.0004  0.0000 -0.0179  0.0008  0.2450 -0.0127 -0.0176
     11 : -0.0078  0.0005  0.0007  0.0000 -0.0000  0.0001  0.0001  0.0004 -0.0000 -0.0022
     21 : -0.0005 -0.0021  0.0011  0.0004 -0.0009  0.0001  0.0000  0.0001 -0.0000 -0.0001
     31 : -0.0001 -0.0002  0.0001  0.0003  0.0000 -0.0001 -0.0000  0.0001 -0.0001  0.0004
     41 : -0.0007  0.0001  0.0015 -0.0002 -0.0002  0.0000 -0.0009 -0.0000  0.0000 -0.0001
     51 : -0.0000 -0.0026  0.0006 -0.0161 -0.0115 -0.0024 -0.0108  0.0004  0.0011 -0.0000
     61 : -0.0001  0.0002 -0.0000 -0.0022 -0.0007  0.2553 -0.0076  0.2504  2.3779
  69)
      1 :  0.0000 -0.0006 -0.0034  0.0001  0.0001  0.0000  0.0000  0.0005  0.0003 -0.0108
     11 : -0.0013 -0.0071 -0.0180  0.0003 -0.0007 -0.0001 -0.0001 -0.0000 -0.0000  0.0000
     21 : -0.0000 -0.0005 -0.0002 -0.0007  0.0002 -0.0002  0.0005 -0.0000  0.0001  0.0001
     31 : -0.0000 -0.0003  0.0005  0.0000  0.0004  0.0000 -0.0000  0.0001  0.0000  0.0001
     41 :  0.0001  0.0008  0.0005 -0.0119  0.0022 -0.0007  0.2469 -0.0001  0.0001  0.0001
     51 :  0.0001  0.0000  0.0001  0.0006  0.0005  0.0056 -0.0231 -0.0302  0.2586  0.0017
     61 : -0.0178  0.0000  0.0004 -0.0002 -0.0002 -0.0005 -0.0001 -0.0087 -0.0016  2.3647
  70)
      1 :  0.0000  0.0000 -0.0002  0.0001  0.0000  0.0004 -0.0000 -0.0184  0.0011  0.2497
     11 : -0.0092 -0.0178 -0.0113  0.0003  0.0009  0.0001  0.0000  0.0001  0.0001  0.0004
     21 :  0.0000 -0.0022 -0.0007 -0.0017  0.0009  0.0004 -0.0007  0.0000 -0.0001  0.0000
     31 :  0.0001  0.0000  0.0001 -0.0002 -0.0001  0.0002  0.0001 -0.0001 -0.0000 -0.0001
     41 :  0.0000  0.0002 -0.0009 -0.0032  0.0024 -0.0001 -0.0098 -0.0000  0.0001 -0.0000
     51 :  0.0001  0.0002 -0.0000 -0.0026  0.0009 -0.0207 -0.0089  0.0015 -0.0096 -0.0001
     61 : -0.0007 -0.0000 -0.0000 -0.0001 -0.0001 -0.0024 -0.0005  0.2557 -0.0106  0.2431
     71 :  2.3796
  71)
      1 :  0.0000 -0.0001 -0.0000 -0.0000 -0.0001 -0.0001 -0.0000 -0.0000 -0.0000 -0.0000
     11 : -0.0000 -0.0000 -0.0001 -0.0001 -0.0000 -0.0000 -0.0001 -0.0008 -0.0008  0.0000
     21 : -0.0036 -0.0000  0.0000 -0.0000 -0.0001 -0.0000 -0.0000 -0.0001 -0.0001 -0.0155
     31 : -0.0043 -0.0231  0.0845 -0.0036 -0.0230 -0.0000 -0.0008 -0.0000 -0.0000 -0.0000
     41 : -0.0001 -0.0155 -0.0008 -0.0008  0.0843  0.0843 -0.0008 -0.0008 -0.0155 -0.0001
     51 : -0.0000 -0.0000 -0.0000 -0.0008 -0.0000 -0.0230 -0.0036  0.0845 -0.0231 -0.0043
     61 : -0.0155 -0.0001 -0.0001 -0.0000 -0.0000 -0.0001 -0.0000  0.0000 -0.0000 -0.0036
     71 :  0.0000 12.9599
  72)
      1 :  0.0000  0.0000  0.0000  0.0000 -0.0000  0.0000  0.0000 -0.0000  0.0000  0.0000
     11 : -0.0000  0.0000  0.0000 -0.0000  0.0000  0.0000  0.0000  0.0002  0.0001  0.0001
     21 : -0.0002  0.0000  0.0001 -0.0000  0.0000  0.0000  0.0000  0.0002  0.0000  0.0008
     31 : -0.0006 -0.0021  0.0100 -0.0002 -0.0021  0.0000  0.0002  0.0000  0.0000  0.0000
     41 : -0.0000  0.0008  0.0001  0.0001  0.0101  0.0101  0.0002  0.0001  0.0008 -0.0000
     51 :  0.0000  0.0000  0.0000  0.0002  0.0000 -0.0021 -0.0002  0.0100 -0.0021 -0.0006
     61 :  0.0008  0.0000  0.0002  0.0000  0.0000  0.0000 -0.0000  0.0001  0.0000 -0.0002
     71 :  0.0001  0.1076  0.3237
 EFERMI=      0.000000000000
 TOTALDOS
 NSPIN,NE= 2   307
  -2.3788392531627E+02   0.0000000000000E+00   0.0000000000000E+00
  -2.3787892531627E+02   0.0000000000000E+00   0.0000000000000E+00
  -2.3787392531627E+02   5.0000000000000E-01   0.0000000000000E+00
  -2.3786892531627E+02   5.0000000000000E-01   1.0000000000000E+00
  -2.3786392531627E+02   0.0000000000000E+00   0.0000000000000E+00
  -2.7183925316267E+01   0.0000000000000E+00   0.0000000000000E+00
  -2.7178925316267E+01   0.0000000000000E+00   0.0000000000000E+00
  -2.7173925316267E+01   0.0000000000000E+00   0.0000000000000E+00
  -2.7168925316267E+01   0.0000000000000E+00   1.0000000000000E+00
  -2.7163925316267E+01   0.0000000000000E+00   0.0000000000000E+00
  -2.7148925316267E+01   0.0000000000000E+00   0.0000000000000E+00
  -2.7143925316267E+01   0.0000000000000E+00   0.0000000000000E+00
  -2.7138925316267E+01   0.0000000000000E+00   0.0000000000000E+00
  -2.7133925316267E+01   1.0000000000000E+00   0.0000000000000E+00
  -2.7128925316267E+01   0.0000000000000E+00   0.0000000000000E+00
  -2.2993925316267E+01   0.0000000000000E+00   0.0000000000000E+00
  -2.2988925316267E+01   0.0000000000000E+00   0.0000000000000E+00
  -2.2983925316267E+01   0.0000000000000E+00   0.0000000000000E+00
  -2.2978925316267E+01   0.0000000000000E+00   2.0000000000000E+00
  -2.2973925316267E+01   0.0000000000000E+00   0.0000000000000E+00
  -2.2968925316267E+01   0.0000000000000E+00   1.0000000000000E+00
  -2.2963925316267E+01   0.0000000000000E+00   0.0000000000000E+00
  -2.2958925316267E+01   0.0000000000000E+00   0.0000000000000E+00
  -2.2953925316267E+01   0.0000000000000E+00   0.0000000000000E+00
  -2.2948925316267E+01   2.0000000000000E+00   0.0000000000000E+00
  -2.2943925316267E+01   1.0000000000000E+00   0.0000000000000E+00
  -2.2938925316267E+01   0.0000000000000E+00   0.0000000000000E+00
  -2.2933925316267E+01   0.0000000000000E+00   0.0000000000000E+00
  -1.3913925316267E+01   0.0000000000000E+00   0.0000000000000E+00
  -1.3908925316267E+01   0.0000000000000E+00   0.0000000000000E+00
  -1.3903925316267E+01   0.0000000000000E+00   0.0000000000000E+00
  -1.3898925316267E+01   4.0000000000000E+00   4.0000000000000E+00
  -1.3893925316267E+01   0.0000000000000E+00   0.0000000000000E+00
  -9.8289253162666E+00   0.0000000000000E+00   0.0000000000000E+00
  -9.8239253162666E+00   0.0000000000000E+00   0.0000000000000E+00
  -9.8189253162666E+00   0.0000000000000E+00   0.0000000000000E+00
  -9.8139253162666E+00   4.0000000000000E+00   4.0000000000000E+00
  -9.8089253162666E+00   0.0000000000000E+00   0.0000000000000E+00
  -9.8039253162666E+00   0.0000000000000E+00   0.0000000000000E+00
  -9.7989253162666E+00   4.0000000000000E+00   4.0000000000000E+00
  -9.7939253162666E+00   0.0000000000000E+00   0.0000000000000E+00
  -9.7889253162666E+00   2.0000000000000E+00   0.0000000000000E+00
  -9.7839253162666E+00   2.0000000000000E+00   4.0000000000000E+00
  -9.7789253162666E+00   1.2000000000000E+01   1.2000000000000E+01
  -9.7739253162666E+00   2.4000000000000E+01   2.4000000000000E+01
  -9.7689253162666E+00   1.8000000000000E+01   1.8000000000000E+01
  -9.7639253162666E+00   0.0000000000000E+00   0.0000000000000E+00
  -9.7589253162666E+00   0.0000000000000E+00   0.0000000000000E+00
  -2.9939253162666E+00   0.0000000000000E+00   0.0000000000000E+00
  -2.9889253162666E+00   0.0000000000000E+00   0.0000000000000E+00
  -2.9839253162666E+00   0.0000000000000E+00   0.0000000000000E+00
  -2.9789253162666E+00   0.0000000000000E+00   1.0000000000000E+00
  -2.9739253162666E+00   0.0000000000000E+00   0.0000000000000E+00
  -2.9039253162666E+00   0.0000000000000E+00   0.0000000000000E+00
  -2.8989253162666E+00   0.0000000000000E+00   0.0000000000000E+00
  -2.8939253162666E+00   0.0000000000000E+00   0.0000000000000E+00
  -2.8889253162666E+00   1.0000000000000E+00   0.0000000000000E+00
  -2.8839253162666E+00   0.0000000000000E+00   0.0000000000000E+00
  -1.8539253162666E+00   0.0000000000000E+00   0.0000000000000E+00
  -1.8489253162666E+00   0.0000000000000E+00   0.0000000000000E+00
  -1.8439253162666E+00   0.0000000000000E+00   0.0000000000000E+00
  -1.8389253162666E+00   0.0000000000000E+00   2.0000000000000E+00
  -1.8339253162666E+00   0.0000000000000E+00   0.0000000000000E+00
  -1.8289253162666E+00   0.0000000000000E+00   0.0000000000000E+00
  -1.8239253162666E+00   0.0000000000000E+00   0.0000000000000E+00
  -1.8189253162666E+00   0.0000000000000E+00   0.0000000000000E+00
  -1.8139253162666E+00   0.0000000000000E+00   1.0000000000000E+00
  -1.8089253162666E+00   0.0000000000000E+00   0.0000000000000E+00
  -1.7639253162666E+00   0.0000000000000E+00   0.0000000000000E+00
  -1.7589253162666E+00   0.0000000000000E+00   0.0000000000000E+00
  -1.7539253162666E+00   0.0000000000000E+00   0.0000000000000E+00
  -1.7489253162666E+00   2.0000000000000E+00   0.0000000000000E+00
  -1.7439253162666E+00   0.0000000000000E+00   0.0000000000000E+00
  -1.7389253162666E+00   0.0000000000000E+00   0.0000000000000E+00
  -1.7339253162666E+00   1.0000000000000E+00   0.0000000000000E+00
  -1.7289253162666E+00   0.0000000000000E+00   0.0000000000000E+00
  -1.7239253162666E+00   0.0000000000000E+00   0.0000000000000E+00
  -7.7392531626662E-01   0.0000000000000E+00   0.0000000000000E+00
  -7.6892531626662E-01   0.0000000000000E+00   0.0000000000000E+00
  -7.6392531626662E-01   0.0000000000000E+00   0.0000000000000E+00
  -7.5892531626662E-01   1.0000000000000E+00   1.0000000000000E+00
  -7.5392531626662E-01   0.0000000000000E+00   0.0000000000000E+00
  -7.4892531626662E-01   1.0000000000000E+00   1.0000000000000E+00
  -7.4392531626662E-01   0.0000000000000E+00   0.0000000000000E+00
  -7.3892531626662E-01   0.0000000000000E+00   0.0000000000000E+00
  -7.3392531626662E-01   1.0000000000000E+00   1.0000000000000E+00
  -7.2892531626662E-01   0.0000000000000E+00   0.0000000000000E+00
  -7.2392531626662E-01   1.0000000000000E+00   1.0000000000000E+00
  -7.1892531626662E-01   0.0000000000000E+00   0.0000000000000E+00
  -7.1392531626662E-01   0.0000000000000E+00   0.0000000000000E+00
  -7.0892531626662E-01   1.0000000000000E+00   1.0000000000000E+00
  -7.0392531626662E-01   0.0000000000000E+00   0.0000000000000E+00
  -6.9892531626662E-01   0.0000000000000E+00   0.0000000000000E+00
  -6.9392531626662E-01   1.0000000000000E+00   1.0000000000000E+00
  -6.8892531626662E-01   1.0000000000000E+00   1.0000000000000E+00
  -6.8392531626662E-01   1.0000000000000E+00   1.0000000000000E+00
  -6.7892531626662E-01   0.0000000000000E+00   0.0000000000000E+00
  -6.7392531626662E-01   1.0000000000000E+00   1.0000000000000E+00
  -6.6892531626662E-01   1.0000000000000E+00   1.0000000000000E+00
  -6.6392531626662E-01   0.0000000000000E+00   0.0000000000000E+00
  -6.5892531626662E-01   0.0000000000000E+00   0.0000000000000E+00
  -6.5392531626662E-01   0.0000000000000E+00   0.0000000000000E+00
  -6.4892531626662E-01   2.0000000000000E+00   2.0000000000000E+00
  -6.4392531626662E-01   1.0000000000000E+00   1.0000000000000E+00
  -6.3892531626662E-01   1.0000000000000E+00   1.0000000000000E+00
  -6.3392531626662E-01   0.0000000000000E+00   0.0000000000000E+00
  -6.2892531626662E-01   2.0000000000000E+00   2.0000000000000E+00
  -6.2392531626662E-01   2.0000000000000E+00   2.0000000000000E+00
  -6.1892531626662E-01   1.0000000000000E+00   1.0000000000000E+00
  -6.1392531626662E-01   0.0000000000000E+00   0.0000000000000E+00
  -6.0892531626662E-01   0.0000000000000E+00   0.0000000000000E+00
  -6.0392531626662E-01   0.0000000000000E+00   0.0000000000000E+00
  -5.9892531626662E-01   1.0000000000000E+00   1.0000000000000E+00
  -5.9392531626662E-01   0.0000000000000E+00   0.0000000000000E+00
  -5.8892531626662E-01   0.0000000000000E+00   0.0000000000000E+00
  -5.8392531626662E-01   1.0000000000000E+00   1.0000000000000E+00
  -5.7892531626662E-01   0.0000000000000E+00   0.0000000000000E+00
  -5.7392531626662E-01   1.0000000000000E+00   1.0000000000000E+00
  -5.6892531626662E-01   0.0000000000000E+00   0.0000000000000E+00
  -5.6392531626662E-01   1.0000000000000E+00   1.0000000000000E+00
  -5.5892531626662E-01   2.0000000000000E+00   2.0000000000000E+00
  -5.5392531626662E-01   5.0000000000000E+00   5.0000000000000E+00
  -5.4892531626662E-01   0.0000000000000E+00   0.0000000000000E+00
  -5.4392531626662E-01   0.0000000000000E+00   0.0000000000000E+00
  -5.3892531626662E-01   0.0000000000000E+00   0.0000000000000E+00
  -5.3392531626662E-01   2.0000000000000E+00   2.0000000000000E+00
  -5.2892531626662E-01   1.0000000000000E+00   1.0000000000000E+00
  -5.2392531626662E-01   0.0000000000000E+00   0.0000000000000E+00
  -5.1892531626662E-01   0.0000000000000E+00   0.0000000000000E+00
  -5.1392531626662E-01   1.0000000000000E+00   1.0000000000000E+00
  -5.0892531626662E-01   0.0000000000000E+00   0.0000000000000E+00
  -5.0392531626662E-01   0.0000000000000E+00   0.0000000000000E+00
  -4.9892531626662E-01   0.0000000000000E+00   0.0000000000000E+00
  -4.9392531626662E-01   1.0000000000000E+00   1.0000000000000E+00
  -4.8892531626662E-01   0.0000000000000E+00   0.0000000000000E+00
  -4.8392531626662E-01   2.0000000000000E+00   2.0000000000000E+00
  -4.7892531626662E-01   2.0000000000000E+00   2.0000000000000E+00
  -4.7392531626662E-01   0.0000000000000E+00   0.0000000000000E+00
  -4.6892531626662E-01   0.0000000000000E+00   0.0000000000000E+00
  -4.6392531626662E-01   0.0000000000000E+00   0.0000000000000E+00
  -4.5892531626662E-01   1.0000000000000E+00   1.0000000000000E+00
  -4.5392531626662E-01   0.0000000000000E+00   0.0000000000000E+00
  -4.4892531626662E-01   0.0000000000000E+00   0.0000000000000E+00
  -4.4392531626662E-01   1.0000000000000E+00   1.0000000000000E+00
  -4.3892531626662E-01   0.0000000000000E+00   0.0000000000000E+00
  -4.3392531626662E-01   1.0000000000000E+00   1.0000000000000E+00
  -4.2892531626662E-01   4.0000000000000E+00   4.0000000000000E+00
  -4.2392531626662E-01   1.0000000000000E+00   1.0000000000000E+00
  -4.1892531626662E-01   4.0000000000000E+00   4.0000000000000E+00
  -4.1392531626662E-01   0.0000000000000E+00   0.0000000000000E+00
  -4.0892531626662E-01   0.0000000000000E+00   0.0000000000000E+00
  -4.0392531626662E-01   0.0000000000000E+00   0.0000000000000E+00
  -3.9892531626662E-01   0.0000000000000E+00   0.0000000000000E+00
  -3.9392531626662E-01   1.0000000000000E+00   1.0000000000000E+00
  -3.8892531626662E-01   2.0000000000000E+00   2.0000000000000E+00
  -3.8392531626662E-01   0.0000000000000E+00   0.0000000000000E+00
  -3.7892531626662E-01   0.0000000000000E+00   0.0000000000000E+00
  -3.7392531626662E-01   1.0000000000000E+00   1.0000000000000E+00
  -3.6892531626662E-01   0.0000000000000E+00   0.0000000000000E+00
  -3.6392531626662E-01   2.0000000000000E+00   2.0000000000000E+00
  -3.5892531626662E-01   2.0000000000000E+00   2.0000000000000E+00
  -3.5392531626662E-01   0.0000000000000E+00   0.0000000000000E+00
  -3.4892531626662E-01   0.0000000000000E+00   0.0000000000000E+00
  -3.4392531626662E-01   0.0000000000000E+00   0.0000000000000E+00
  -3.3892531626662E-01   0.0000000000000E+00   0.0000000000000E+00
  -3.3392531626662E-01   0.0000000000000E+00   0.0000000000000E+00
  -3.2892531626662E-01   2.0000000000000E+00   2.0000000000000E+00
  -3.2392531626662E-01   1.0000000000000E+00   1.0000000000000E+00
  -3.1892531626662E-01   1.0000000000000E+00   1.0000000000000E+00
  -3.1392531626662E-01   0.0000000000000E+00   0.0000000000000E+00
  -3.0892531626662E-01   1.0000000000000E+00   1.0000000000000E+00
  -3.0392531626662E-01   1.0000000000000E+00   1.0000000000000E+00
  -2.9892531626662E-01   3.0000000000000E+00   3.0000000000000E+00
  -2.9392531626662E-01   3.0000000000000E+00   3.0000000000000E+00
  -2.8892531626662E-01   5.0000000000000E+00   5.0000000000000E+00
  -2.8392531626662E-01   0.0000000000000E+00   0.0000000000000E+00
  -2.7892531626662E-01   1.0000000000000E+00   1.0000000000000E+00
  -2.7392531626662E-01   0.0000000000000E+00   0.0000000000000E+00
  -2.6892531626662E-01   1.0000000000000E+00   1.0000000000000E+00
  -2.6392531626662E-01   1.0000000000000E+00   1.0000000000000E+00
  -2.5892531626662E-01   0.0000000000000E+00   0.0000000000000E+00
  -2.5392531626662E-01   2.0000000000000E+00   2.0000000000000E+00
  -2.4892531626662E-01   6.0000000000000E+00   5.0000000000000E+00
  -2.4392531626662E-01   1.0000000000000E+00   3.0000000000000E+00
  -2.3892531626662E-01   3.0000000000000E+00   2.0000000000000E+00
  -2.3392531626662E-01   1.0000000000000E+00   1.0000000000000E+00
  -2.2892531626662E-01   1.0000000000000E+00   1.0000000000000E+00
  -2.2392531626662E-01   0.0000000000000E+00   0.0000000000000E+00
  -2.1892531626662E-01   3.0000000000000E+00   3.0000000000000E+00
  -2.1392531626662E-01   3.0000000000000E+00   4.0000000000000E+00
  -2.0892531626662E-01   3.0000000000000E+00   2.0000000000000E+00
  -2.0392531626662E-01   1.0000000000000E+00   3.0000000000000E+00
  -1.9892531626662E-01   3.0000000000000E+00   1.0000000000000E+00
  -1.9392531626662E-01   3.0000000000000E+00   3.0000000000000E+00
  -1.8892531626662E-01   0.0000000000000E+00   0.0000000000000E+00
  -1.8392531626662E-01   1.0000000000000E+00   1.0000000000000E+00
  -1.7892531626662E-01   0.0000000000000E+00   1.0000000000000E+00
  -1.7392531626662E-01   2.0000000000000E+00   2.0000000000000E+00
  -1.6892531626662E-01   5.0000000000000E+00   5.0000000000000E+00
  -1.6392531626662E-01   1.0000000000000E+00   1.0000000000000E+00
  -1.5892531626662E-01   3.0000000000000E+00   1.0000000000000E+00
  -1.5392531626662E-01   2.0000000000000E+00   3.0000000000000E+00
  -1.4892531626662E-01   0.0000000000000E+00   0.0000000000000E+00
  -1.4392531626662E-01   0.0000000000000E+00   0.0000000000000E+00
  -1.3892531626662E-01   0.0000000000000E+00   1.0000000000000E+00
  -1.3392531626662E-01   0.0000000000000E+00   0.0000000000000E+00
  -1.2892531626662E-01   1.0000000000000E+00   1.0000000000000E+00
  -1.2392531626662E-01   2.0000000000000E+00   1.0000000000000E+00
  -1.1892531626662E-01   1.0000000000000E+00   3.0000000000000E+00
  -1.1392531626662E-01   2.0000000000000E+00   1.0000000000000E+00
  -1.0892531626662E-01   0.0000000000000E+00   0.0000000000000E+00
  -1.0392531626662E-01   1.0000000000000E+00   0.0000000000000E+00
  -9.8925316266624E-02   2.0000000000000E+00   1.0000000000000E+00
  -9.3925316266624E-02   5.0000000000000E+00   7.0000000000000E+00
  -8.8925316266624E-02   1.0000000000000E+00   1.0000000000000E+00
  -8.3925316266624E-02   3.0000000000000E+00   3.0000000000000E+00
  -7.8925316266624E-02   0.0000000000000E+00   0.0000000000000E+00
  -7.3925316266624E-02   0.0000000000000E+00   0.0000000000000E+00
  -6.8925316266624E-02   0.0000000000000E+00   0.0000000000000E+00
  -6.3925316266624E-02   0.0000000000000E+00   1.0000000000000E+00
  -5.8925316266624E-02   0.0000000000000E+00   0.0000000000000E+00
  -5.3925316266624E-02   0.0000000000000E+00   1.0000000000000E+00
  -4.8925316266624E-02   0.0000000000000E+00   0.0000000000000E+00
  -4.3925316266624E-02   0.0000000000000E+00   0.0000000000000E+00
  -3.8925316266624E-02   1.0000000000000E+00   1.0000000000000E+00
  -3.3925316266624E-02   0.0000000000000E+00   0.0000000000000E+00
  -2.8925316266624E-02   0.0000000000000E+00   0.0000000000000E+00
  -2.3925316266624E-02   0.0000000000000E+00   0.0000000000000E+00
  -1.8925316266624E-02   0.0000000000000E+00   0.0000000000000E+00
  -1.3925316266624E-02   1.0000000000000E+00   0.0000000000000E+00
  -8.9253162666239E-03   0.0000000000000E+00   0.0000000000000E+00
  -3.9253162666239E-03   2.0000000000000E+00   2.0000000000000E+00
   1.0746837333761E-03   0.0000000000000E+00   0.0000000000000E+00
   6.0746837333761E-03   0.0000000000000E+00   0.0000000000000E+00
   1.1074683733376E-02   2.0000000000000E+00   1.0000000000000E+00
   1.6074683733376E-02   0.0000000000000E+00   0.0000000000000E+00
   2.1074683733376E-02   0.0000000000000E+00   1.0000000000000E+00
   2.6074683733376E-02   2.0000000000000E+00   0.0000000000000E+00
   3.1074683733376E-02   0.0000000000000E+00   0.0000000000000E+00
   4.6074683733376E-02   0.0000000000000E+00   0.0000000000000E+00
   5.1074683733376E-02   0.0000000000000E+00   0.0000000000000E+00
   5.6074683733376E-02   0.0000000000000E+00   0.0000000000000E+00
   6.1074683733376E-02   0.0000000000000E+00   2.0000000000000E+00
   6.6074683733376E-02   1.0000000000000E+00   0.0000000000000E+00
   7.1074683733376E-02   2.0000000000000E+00   1.0000000000000E+00
   7.6074683733376E-02   0.0000000000000E+00   2.0000000000000E+00
   8.1074683733376E-02   1.0000000000000E+00   0.0000000000000E+00
   8.6074683733376E-02   2.0000000000000E+00   2.0000000000000E+00
   9.1074683733376E-02   1.0000000000000E+00   1.0000000000000E+00
   9.6074683733376E-02   4.0000000000000E+00   4.0000000000000E+00
   1.0107468373338E-01   3.0000000000000E+00   3.0000000000000E+00
   1.0607468373338E-01   0.0000000000000E+00   0.0000000000000E+00
   1.1107468373338E-01   0.0000000000000E+00   0.0000000000000E+00
   1.1607468373338E-01   1.0000000000000E+00   0.0000000000000E+00
   1.2107468373338E-01   0.0000000000000E+00   0.0000000000000E+00
   1.2607468373338E-01   0.0000000000000E+00   0.0000000000000E+00
   1.3107468373338E-01   0.0000000000000E+00   0.0000000000000E+00
   1.3607468373338E-01   1.0000000000000E+00   1.0000000000000E+00
   1.4107468373338E-01   0.0000000000000E+00   0.0000000000000E+00
   1.4607468373338E-01   0.0000000000000E+00   0.0000000000000E+00
   1.5107468373338E-01   1.0000000000000E+00   1.0000000000000E+00
   1.5607468373338E-01   0.0000000000000E+00   0.0000000000000E+00
   1.6107468373338E-01   0.0000000000000E+00   0.0000000000000E+00
   1.6607468373338E-01   1.0000000000000E+00   1.0000000000000E+00
   1.7107468373338E-01   0.0000000000000E+00   0.0000000000000E+00
   1.7607468373338E-01   0.0000000000000E+00   1.0000000000000E+00
   1.8107468373338E-01   3.0000000000000E+00   1.0000000000000E+00
   1.8607468373338E-01   1.0000000000000E+00   2.0000000000000E+00
   1.9107468373338E-01   1.0000000000000E+00   1.0000000000000E+00
   1.9607468373338E-01   2.0000000000000E+00   2.0000000000000E+00
   2.0107468373338E-01   2.0000000000000E+00   2.0000000000000E+00
   2.0607468373338E-01   0.0000000000000E+00   0.0000000000000E+00
   2.1107468373338E-01   1.0000000000000E+00   1.0000000000000E+00
   2.1607468373338E-01   1.0000000000000E+00   1.0000000000000E+00
   2.2107468373338E-01   0.0000000000000E+00   0.0000000000000E+00
   2.2607468373338E-01   1.0000000000000E+00   1.0000000000000E+00
   2.3107468373338E-01   2.0000000000000E+00   2.0000000000000E+00
   2.3607468373338E-01   2.0000000000000E+00   2.0000000000000E+00
   2.4107468373338E-01   1.0000000000000E+00   1.0000000000000E+00
   2.4607468373338E-01   1.0000000000000E+00   1.0000000000000E+00
   2.5107468373338E-01   0.0000000000000E+00   1.0000000000000E+00
   2.5607468373338E-01   1.0000000000000E+00   0.0000000000000E+00
   2.6107468373338E-01   1.0000000000000E+00   1.0000000000000E+00
   2.6607468373338E-01   0.0000000000000E+00   0.0000000000000E+00
   2.7107468373338E-01   4.0000000000000E+00   4.0000000000000E+00
   2.7607468373338E-01   4.0000000000000E+00   5.0000000000000E+00
   2.8107468373338E-01   5.0000000000000E+00   4.0000000000000E+00
   2.8607468373338E-01   1.0000000000000E+00   1.0000000000000E+00
   2.9107468373338E-01   1.0000000000000E+00   1.0000000000000E+00
   2.9607468373338E-01   2.0000000000000E+00   2.0000000000000E+00
   3.0107468373338E-01   2.0000000000000E+00   2.0000000000000E+00
   3.0607468373338E-01   4.0000000000000E+00   4.0000000000000E+00
   3.1107468373338E-01   2.0000000000000E+00   2.0000000000000E+00
   3.1607468373338E-01   2.0000000000000E+00   2.0000000000000E+00
   3.2107468373338E-01   3.0000000000000E+00   3.0000000000000E+00
   3.2607468373338E-01   1.0000000000000E+00   1.0000000000000E+00
   3.3107468373338E-01   2.0000000000000E+00   2.0000000000000E+00
   3.3607468373338E-01   1.0000000000000E+00   1.0000000000000E+00
   3.4107468373338E-01   1.0000000000000E+00   1.0000000000000E+00
   3.4607468373338E-01   2.0000000000000E+00   2.0000000000000E+00
   3.5107468373338E-01   2.0000000000000E+00   2.0000000000000E+00
   3.5607468373338E-01   1.0000000000000E+00   1.0000000000000E+00
   3.6107468373338E-01   7.0000000000000E+00   7.0000000000000E+00
   3.6607468373338E-01   0.0000000000000E+00   0.0000000000000E+00
   3.7107468373338E-01   4.0000000000000E+00   4.0000000000000E+00
   3.7607468373338E-01   1.0000000000000E+00   1.0000000000000E+00
   3.8107468373338E-01   2.0000000000000E+00   2.0000000000000E+00
 ENDINPUT



 ======================
 Atomic Charge Analysis
 ======================
  
 Deformation charges with respect to neutral atoms. (Voronoi chages relative to 
 sum of fragment densities)
 
   ----------------------------------------------------------
     Atom      Hirshfeld     Voronoi         CM5    Mulliken
   ----------------------------------------------------------
      1  C        -0.007       0.001      -0.007      -0.003
      2  C        -0.005       0.001      -0.005       0.001
      3  C        -0.003       0.000      -0.003      -0.002
      4  C         0.005       0.001       0.005       0.003
      5  C        -0.006       0.001      -0.006      -0.009
      6  C        -0.006       0.001      -0.006      -0.006
      7  C         0.003       0.001       0.003      -0.002
      8  C        -0.004       0.001      -0.004      -0.000
      9  C        -0.004       0.001      -0.004      -0.000
     10  C         0.003       0.001       0.003      -0.002
     11  C        -0.006       0.001      -0.006      -0.006
     12  C        -0.006       0.001      -0.006      -0.009
     13  C         0.005       0.001       0.005       0.003
     14  C        -0.003       0.000      -0.003      -0.002
     15  C        -0.005       0.001      -0.005       0.001
     16  C        -0.007       0.001      -0.007      -0.003
     17  C         0.006       0.000       0.008       0.002
     18  C        -0.007       0.001      -0.002      -0.024
     19  C        -0.008       0.001      -0.008      -0.007
     20  C        -0.002       0.002       0.003      -0.002
     21  C        -0.004       0.001      -0.004      -0.000
     22  C        -0.008       0.001      -0.008      -0.007
     23  C         0.004       0.001       0.004       0.001
     24  C        -0.006       0.001      -0.006      -0.008
     25  C        -0.005       0.001      -0.005      -0.012
     26  C         0.003       0.001       0.003       0.006
     27  C         0.008       0.001       0.009       0.002
     28  C        -0.007       0.001      -0.007      -0.002
     29  C         0.051       0.002       0.115       0.161
     30  C        -0.011       0.006      -0.003      -0.075
     31  C         0.034       0.005       0.098       0.214
     32  N        -0.094       0.023      -0.394      -0.528
     33  C        -0.002       0.002       0.003      -0.003
     34  C         0.034       0.005       0.098       0.214
     35  C        -0.006       0.001      -0.006      -0.006
     36  C         0.006       0.000       0.008       0.002
     37  C        -0.005       0.001      -0.005      -0.012
     38  C        -0.004       0.000      -0.004      -0.001
     39  C        -0.005       0.001      -0.005       0.001
     40  C         0.005       0.001       0.005       0.003
     41  C         0.050       0.002       0.115       0.162
     42  C        -0.007       0.001      -0.002      -0.023
     43  C        -0.007       0.001      -0.002      -0.024
     44  N        -0.094       0.023      -0.394      -0.530
     45  N        -0.094       0.023      -0.394      -0.530
     46  C         0.006       0.000       0.008       0.002
     47  C        -0.007       0.001      -0.002      -0.023
     48  C         0.050       0.002       0.115       0.162
     49  C         0.005       0.001       0.005       0.003
     50  C        -0.005       0.001      -0.005       0.001
     51  C        -0.004       0.000      -0.004      -0.001
     52  C        -0.005       0.001      -0.005      -0.012
     53  C         0.006       0.000       0.008       0.002
     54  C        -0.006       0.001      -0.006      -0.006
     55  C         0.034       0.005       0.098       0.214
     56  C        -0.002       0.002       0.003      -0.003
     57  N        -0.094       0.023      -0.394      -0.528
     58  C         0.034       0.005       0.098       0.214
     59  C        -0.011       0.006      -0.003      -0.075
     60  C         0.051       0.002       0.115       0.161
     61  C        -0.007       0.001      -0.007      -0.002
     62  C         0.008       0.001       0.009       0.002
     63  C         0.003       0.001       0.003       0.006
     64  C        -0.005       0.001      -0.005      -0.012
     65  C        -0.006       0.001      -0.006      -0.008
     66  C         0.004       0.001       0.004       0.001
     67  C        -0.008       0.001      -0.008      -0.007
     68  C        -0.004       0.001      -0.004      -0.000
     69  C        -0.002       0.002       0.003      -0.002
     70  C        -0.008       0.001      -0.008      -0.007
     71  Mn        0.238       0.057       0.833       1.062
     72  H        -0.051      -0.236      -0.025      -0.079
   ----------------------------------------------------------
      Total:       0.000       0.000       0.000       0.000
   ----------------------------------------------------------
 



 ============================================
 Atomic Charge Analysis (Spin Up - Spin Down)
 ============================================
  
   ----------------------------------------------------------
     Atom      Hirshfeld     Voronoi         CM5    Mulliken
   ----------------------------------------------------------
      1  C         0.010       0.001       0.010       0.019
      2  C         0.006       0.002       0.006       0.010
      3  C         0.009       0.002       0.009       0.016
      4  C        -0.021       0.001      -0.021      -0.032
      5  C        -0.002       0.002      -0.002      -0.001
      6  C         0.006       0.001       0.006       0.013
      7  C        -0.019       0.001      -0.019      -0.030
      8  C         0.006       0.002       0.006       0.014
      9  C         0.006       0.002       0.006       0.014
     10  C        -0.019       0.001      -0.019      -0.030
     11  C         0.006       0.001       0.006       0.013
     12  C        -0.002       0.002      -0.002      -0.001
     13  C        -0.021       0.001      -0.021      -0.032
     14  C         0.009       0.002       0.009       0.016
     15  C         0.006       0.002       0.006       0.010
     16  C         0.010       0.001       0.010       0.019
     17  C        -0.022       0.001      -0.022      -0.035
     18  C         0.011       0.003       0.011       0.019
     19  C         0.002       0.001       0.002       0.005
     20  C        -0.020       0.001      -0.020      -0.029
     21  C         0.006       0.002       0.006       0.015
     22  C         0.002       0.001       0.002       0.005
     23  C        -0.022       0.001      -0.022      -0.030
     24  C        -0.002       0.002      -0.002      -0.001
     25  C         0.007       0.002       0.007       0.011
     26  C        -0.019       0.000      -0.019      -0.030
     27  C        -0.023       0.002      -0.023      -0.037
     28  C         0.010       0.001       0.010       0.019
     29  C         0.012       0.002       0.012       0.017
     30  C        -0.020      -0.001      -0.020      -0.031
     31  C         0.008       0.003       0.008       0.009
     32  N         0.010       0.009       0.010      -0.047
     33  C        -0.020       0.001      -0.020      -0.029
     34  C         0.008       0.003       0.008       0.009
     35  C         0.006       0.001       0.006       0.013
     36  C        -0.022       0.001      -0.022      -0.034
     37  C         0.007       0.002       0.007       0.011
     38  C         0.009       0.002       0.009       0.016
     39  C         0.006       0.002       0.006       0.010
     40  C        -0.021       0.001      -0.021      -0.032
     41  C         0.013       0.002       0.013       0.017
     42  C         0.012       0.003       0.012       0.019
     43  C         0.011       0.003       0.011       0.019
     44  N         0.010       0.009       0.010      -0.047
     45  N         0.010       0.009       0.010      -0.047
     46  C        -0.022       0.001      -0.022      -0.035
     47  C         0.012       0.003       0.012       0.019
     48  C         0.013       0.002       0.013       0.017
     49  C        -0.021       0.001      -0.021      -0.032
     50  C         0.006       0.002       0.006       0.010
     51  C         0.009       0.002       0.009       0.016
     52  C         0.007       0.002       0.007       0.011
     53  C        -0.022       0.001      -0.022      -0.034
     54  C         0.006       0.001       0.006       0.013
     55  C         0.008       0.003       0.008       0.009
     56  C        -0.020       0.001      -0.020      -0.029
     57  N         0.010       0.009       0.010      -0.047
     58  C         0.008       0.003       0.008       0.009
     59  C        -0.020      -0.001      -0.020      -0.031
     60  C         0.012       0.002       0.012       0.017
     61  C         0.010       0.001       0.010       0.019
     62  C        -0.023       0.002      -0.023      -0.037
     63  C        -0.019       0.000      -0.019      -0.030
     64  C         0.007       0.002       0.007       0.011
     65  C        -0.002       0.002      -0.002      -0.001
     66  C        -0.022       0.001      -0.022      -0.030
     67  C         0.002       0.001       0.002       0.005
     68  C         0.006       0.002       0.006       0.015
     69  C        -0.020       0.001      -0.020      -0.029
     70  C         0.002       0.001       0.002       0.005
     71  Mn        2.169      -0.777       2.169       2.501
     72  H        -0.060       0.634      -0.060      -0.145
   ----------------------------------------------------------
      Total:       2.000      -0.000       2.000       2.000
   ----------------------------------------------------------
 
 WARNING: matrix written, but never read. Matrix name: S(VOC/VOC)


    =====================
     CALCULATION RESULTS
    =====================

Energy (hartree)           -24.09556430


--------------
Atomic charges
--------------
  Index   Atom    Charge
      1      C   -0.0069
      2      C   -0.0050
      3      C   -0.0035
      4      C    0.0054
      5      C   -0.0056
      6      C   -0.0059
      7      C    0.0028
      8      C   -0.0039
      9      C   -0.0039
     10      C    0.0027
     11      C   -0.0059
     12      C   -0.0056
     13      C    0.0054
     14      C   -0.0035
     15      C   -0.0050
     16      C   -0.0069
     17      C    0.0060
     18      C   -0.0074
     19      C   -0.0081
     20      C   -0.0020
     21      C   -0.0039
     22      C   -0.0080
     23      C    0.0039
     24      C   -0.0056
     25      C   -0.0048
     26      C    0.0032
     27      C    0.0084
     28      C   -0.0068
     29      C    0.0507
     30      C   -0.0108
     31      C    0.0342
     32      N   -0.0937
     33      C   -0.0019
     34      C    0.0343
     35      C   -0.0059
     36      C    0.0060
     37      C   -0.0048
     38      C   -0.0035
     39      C   -0.0049
     40      C    0.0054
     41      C    0.0505
     42      C   -0.0073
     43      C   -0.0074
     44      N   -0.0940
     45      N   -0.0940
     46      C    0.0060
     47      C   -0.0073
     48      C    0.0505
     49      C    0.0054
     50      C   -0.0049
     51      C   -0.0035
     52      C   -0.0048
     53      C    0.0060
     54      C   -0.0058
     55      C    0.0343
     56      C   -0.0019
     57      N   -0.0937
     58      C    0.0342
     59      C   -0.0108
     60      C    0.0507
     61      C   -0.0068
     62      C    0.0084
     63      C    0.0032
     64      C   -0.0048
     65      C   -0.0055
     66      C    0.0039
     67      C   -0.0080
     68      C   -0.0039
     69      C   -0.0020
     70      C   -0.0081
     71     Mn    0.2380
     72      H   -0.0511




 =================
 Timing Statistics
 =================
  
 Total Used :                     CPU=     7591.50      System=       53.27     Elapsed=    11724.09

 Calls  Section                     ( Mean, Percentage )
 ---------------------------------------------------------------------------------------------------
     3  ><      ................      0.00    0.00             0.00    0.00             0.70    0.02
     1  GETINP  ................      8.52    0.11             0.04    0.07            21.47    0.18
     4  DIRAC   ................      2.97    0.16             0.01    0.04             5.52    0.19
     4  SLTORB  ................      0.01    0.00             0.00    0.00             0.01    0.00
     4  FITRAD  ................      0.00    0.00             0.00    0.00             0.00    0.00
     1  RADIAL  ................      8.84    0.12             0.07    0.14            16.35    0.14
     1  POINTS  ................    458.77    6.04             0.73    1.36           502.84    4.29
     1  CELLS   ................     12.57    0.17             0.06    0.12            19.91    0.17
     1  ELSTAT  ................      3.70    0.05             0.00    0.01             3.90    0.03
     1  ATMFNC  ................     62.69    0.83             0.18    0.34            86.90    0.74
     1  NUMGRD  ................    201.23    2.65             0.45    0.85           272.59    2.33
     2  RHOPSD  ................    260.04    6.85             0.29    1.07           298.23    5.09
    27  RHOFIT  ................     88.68   31.54             1.11   56.25           167.16   38.50
    27  PMATPROPS ..............      0.00    0.00             0.00    0.00             0.00    0.00
    27  RHOPOT  ................     45.31   16.11             0.21   10.79            51.42   11.84
    27  SCFEXTRA1 ..............      2.63    0.94             0.01    0.48             2.86    0.66
    26  FRAGENERGY .............     36.75   12.59             0.17    8.36            51.42   11.40
    26  PMATRX  ................     22.31    7.64             0.17    8.23            47.59   10.55
    25  RHOPMD  ................     16.84    5.54             0.07    3.05            20.48    4.37
    52  EIGSYS  ................     10.67    7.31             0.07    6.83            12.90    5.72
    26  FERMI   ................      1.88    0.64             0.01    0.25             2.00    0.44
     1  ENERGY  ................      6.64    0.09             0.31    0.58           309.97    2.64
     1  CHARGE  ................     36.10    0.48             0.50    0.93            61.83    0.53
     1  CM5CHARGES .............      1.74    0.02             0.02    0.03             2.78    0.02
     1  HIRSH   ................      0.00    0.00             0.00    0.00             0.38    0.00
     1  DOS     ................      9.93    0.13             0.11    0.21            16.52    0.14

AMS application finished. Exiting.
NORMAL TERMINATION
     Total cpu time:    7668.31
  Total system time:      75.84
 Total elapsed time:   12160.90
